batch,fg_code,prod_desc
230102H1,40575,Metoprolol Tart.TabUSP50 mg1000'STRU CTX
230368H1,40742,Tramadol HCl Tab USP 100mg 100
40224HJ1,40295,Amiodarone HCl Tab USP 200mg 500
40263HF1,40145,Oxybutynin Cl ER Tab USP 5mg 100
40264HF1,40145,Oxybutynin Cl ER Tab USP 5mg 100
40265HJ1,40602,Diclofenac Pot tab 50mg 500
40274HC1,40293,Amiodarone HCl Tab USP 400mg 30
40285HF1,40146,Oxybutynin Cl ER Tab USP 10mg 100
40288HF1,40615,Carvedilol Tab USP 3.125mg 100
40289HJ1,40616,Carvedilol Tab USP 3.125mg 500
40314SB1,40218,Potassium Chl Ora sol 20mEq 100
40344HF1,40652,Metoprolol Tar tab USP 25mg 100
40354,30410,Ble CG Pot Chl ER Tab USP 15mEq KlorCon
40371HF1,40564,Cyclobenzaprine HCl Tab USP 7.5mg 100
40374HJ1,40295,Amiodarone HCl Tab USP 200mg 500
40375HF1,40592,Baclofen Tab USP 10mg 100
40376HF1,40592,Baclofen Tab USP 10mg 100
40377HJ1,40595,Baclofen Tab USP 10mg 500
40378HK1,40726,Baclofen Tab USP 10mg 1000
40379HK1,40726,Baclofen Tab USP 10mg 1000
40405HF1,40896,Carbi + Levo tab USP 25/100mg 100 Tru
40405HF2,40491,Carbi + Levo tab USP 25/100mg 100
40406HH1,40163,Tizanidine HCl Cap 6mg 150
40407HH1,40161,Tizanidine HCl Cap 2mg 150
40408HC1,40692,Desvenlafaxine ER Tab 50 mg 30
40408HE1,40969,Desvenlafaxine ER Tab 50 mg 90
40409HC2,40692,Desvenlafaxine ER Tab 50 mg 30
40410HE1,40969,Desvenlafaxine ER Tab 50 mg 90
40419HC1,40026,Sapropterin DiHCl Tab 100mg 30 DIP TUR
40420HC2,40028,Sapropterin DiHCl Tab 100mg 30 DIP KOR
40421HC1,40026,Sapropterin DiHCl Tab 100mg 30 DIP TUR
40434HJ1,40315,Buspirone HCl Tab USP 7.5mg 500
40446HF1,40780,Tramadol HCl Tab USP 50mg 100 JAM CAN
40447HF1,40780,Tramadol HCl Tab USP 50mg 100 JAM CAN
40448HE1,40040,Rabeprazole Sod DR Tab 20mg 90
40449HE1,40040,Rabeprazole Sod DR Tab 20mg 90
40451HF1,40676,Labetalol HCl Tab USP 200mg 100
40452HF1,40742,Tramadol HCl Tab USP 100mg 100
40453HF1,40742,Tramadol HCl Tab USP 100mg 100
40454HF1,40742,Tramadol HCl Tab USP 100mg 100
40455HF1,40633,Oxcarbazepine Tab USP 300mg 100
40455HJ1,40634,Oxcarbazepine Tab USP 300mg 500
40456HF1,40304,Potassium Chl ER Tab USP 20mEq 100 AB3
40457HF1,40304,Potassium Chl ER Tab USP 20mEq 100 AB3
40458HF1,40304,Potassium Chl ER Tab USP 20mEq 100 AB3
40459HF1,40304,Potassium Chl ER Tab USP 20mEq 100 AB3
40460HF1,40304,Potassium Chl ER Tab USP 20mEq 100 AB3
40461HF1,40460,Triamterene & HCTZ Tab USP 37.5/25mg 100
40461HJ1,40834,Triamterene & HCTZ Tab USP 37.5/25mg 500
40463HC1,40669,Desvenlafaxine ER Tab 100 mg 30
40464HC1,40669,Desvenlafaxine ER Tab 100 mg 30
40465HJ1,40796,Clonazepam Tab USP 0.5mg 500
40466HJ1,40796,Clonazepam Tab USP 0.5mg 500
40467HF1,40710,Clonazepam Tab USP 0.5mg 100
40469,30100,Cor  Nicotine  Pol Mini Loz 4mg Cherry
40470HF1,40147,Oxybutynin Cl ER Tab USP 15mg 100
40482HK1,40172,"Metoprolol Tart.Tab USP 100mg,1000's,TRU"
40483HK1,40172,"Metoprolol Tart.Tab USP 100mg,1000's,TRU"
40484HK1,40657,Metoprolol Tar Tab USP100mg 1000
40485HK1,40657,Metoprolol Tar Tab USP100mg 1000
40486HK1,40657,Metoprolol Tar Tab USP100mg 1000
40487HK1,40657,Metoprolol Tar Tab USP100mg 1000
40488HK1,40657,Metoprolol Tar Tab USP100mg 1000
40489HK1,40657,Metoprolol Tar Tab USP100mg 1000
40495HK1,40655,Metoprolol Tar Tab USP 50mg 1000
40496HK1,40655,Metoprolol Tar Tab USP 50mg 1000
40497HK1,40655,Metoprolol Tar Tab USP 50mg 1000
40498HK1,40655,Metoprolol Tar Tab USP 50mg 1000
40499HK1,40655,Metoprolol Tar Tab USP 50mg 1000
40500HK1,40653,Metoprolol Tar Tab USP 25mg 1000
40501HJ1,40707,Metoprolol Tar Tab USP 25mg 500
40502HF1,40565,Baclofen Tab USP 20mg 100
40503HJ1,40616,Carvedilol Tab USP 3.125mg 500
40504HF2,40592,Baclofen Tab USP 10mg 100
40505HK1,40726,Baclofen Tab USP 10mg 1000
40506HC1,40293,Amiodarone HCl Tab USP 400mg 30
40510GB1,40671,Nitroglycerin Sub Tab USP 0.3mg 1x100
40511GA1,40686,Nitroglycerin Sub Tab USP 0.4mg 4X25
40512GA1,40686,Nitroglycerin Sub Tab USP 0.4mg 4X25
40513GA1,40686,Nitroglycerin Sub Tab USP 0.4mg 4X25
40514GA1,40686,Nitroglycerin Sub Tab USP 0.4mg 4X25
40515GA1,40686,Nitroglycerin Sub Tab USP 0.4mg 4X25
40519GA1,40686,Nitroglycerin Sub Tab USP 0.4mg 4X25
40520GA1,40686,Nitroglycerin Sub Tab USP 0.4mg 4X25
40521GA1,40686,Nitroglycerin Sub Tab USP 0.4mg 4X25
40522GA1,40686,Nitroglycerin Sub Tab USP 0.4mg 4X25
40523HF1,40682,Acetazolamide Tab USP 250mg 100
40524HF1,40682,Acetazolamide Tab USP 250mg 100
40525HF1,40682,Acetazolamide Tab USP 250mg 100
40526HK1,40706,Sildenafil Tab USP 100mg 1000
40527HK1,40706,Sildenafil Tab USP 100mg 1000
40528HK1,40706,Sildenafil Tab USP 100mg 1000
40529HK1,40706,Sildenafil Tab USP 100mg 1000
40530HK1,40706,Sildenafil Tab USP 100mg 1000
40531HC1,40293,Amiodarone HCl Tab USP 400mg 30
40532HJ2,40703,Sildenafil Tab USP 25mg 500
40533HJ1,40703,Sildenafil Tab USP 25mg 500
40534,30086,Cor Nicotine Pol Loz 2mg Mint
40535,30086,Cor Nicotine Pol Loz 2mg Mint
40536,30088,Cor Nicotine Pol Loz 4mg Mint
40537,30088,Cor Nicotine Pol Loz 4mg Mint
40538HF1,40446,Isosorbide Dinitrate Tab USP 40mg 100
40539HF1,40442,Isosorbide Dinitrate Tab USP 10mg 100
40540HF1,40636,Oxcarbazepine Tab USP 600mg 100
40541HF1,40694,Midodrine HCl Tab USP 2.5mg 100
40542NA2,41141,Aze Hcl + Flu Pro NS USP 137/50 mcg/spr
40543NA1,41141,Aze Hcl + Flu Pro NS USP 137/50 mcg/spr
40544NA1,41141,Aze Hcl + Flu Pro NS USP 137/50 mcg/spr
40545HF1,40907,Glipizide Tab USP 10mg 100
40546HJ1,40908,Glipizide Tab USP 10mg 500
40547HK1,40525,Glipizide Tab USP 10mg 1000
40548HF1,40592,Baclofen Tab USP 10mg 100
40549HF1,40592,Baclofen Tab USP 10mg 100
40550HF1,40592,Baclofen Tab USP 10mg 100
40550HJ1,40595,Baclofen Tab USP 10mg 500
40551HJ1,40595,Baclofen Tab USP 10mg 500
40552HK1,40726,Baclofen Tab USP 10mg 1000
40553HF1,40016,Baclofen Tab USP 10mg 100 TRU
40558HF1,40678,Labetalol HCl Tab USP 300mg 100
40558HJ1,40679,Labetalol HCl Tab USP 300mg 500
40559HF1,40145,Oxybutynin Cl ER Tab USP 5mg 100
40560HF1,40145,Oxybutynin Cl ER Tab USP 5mg 100
40561HF1,40145,Oxybutynin Cl ER Tab USP 5mg 100
40562HF1,40145,Oxybutynin Cl ER Tab USP 5mg 100
40563HJ1,40677,Labetalol HCl Tab USP 200mg 500
40564HJ1,40677,Labetalol HCl Tab USP 200mg 500
40565HJ1,40677,Labetalol HCl Tab USP 200mg 500
40566HC1,40293,Amiodarone HCl Tab USP 400mg 30
40568,30410,Ble CG Pot Chl ER Tab USP 15mEq KlorCon
40569HJ1,40616,Carvedilol Tab USP 3.125mg 500
40569HK1,40665,Carvedilol Tab USP 3.125mg 1000
40570HF1,40146,Oxybutynin Cl ER Tab USP 10mg 100
40572HF2,40500,Pot. Chl ER Tab USP 15mEq 100 AB1
40573HF1,40627,Primidone Tab USP 250mg100
40574HJ1,40701,Tramadol HCl Tab USP 50mg 500
40575HF1,40700,Tramadol HCl Tab USP 50mg 100
40576HF1,40700,Tramadol HCl Tab USP 50mg 100
40577HF1,40742,Tramadol HCl Tab USP 100mg 100
40578HF1,40742,Tramadol HCl Tab USP 100mg 100
40579HJ1,40879,Diclofenac sod DR Tab USP 75mg 500
40580HJ1,40879,Diclofenac sod DR Tab USP 75mg 500
40581HJ1,40879,Diclofenac sod DR Tab USP 75mg 500
40582HD1,40155,Diclofenac Sod DR Tab USP 75mg 60
40582HF1,40156,Diclofenac Sod DR Tab USP 75mg 100
40582HK1,40157,Diclofenac Sod DR Tab USP 75mg 1000
40589HK1,40741,Sildenafil Tab USP 20mg 1000
40590HK1,40741,Sildenafil Tab USP 20mg 1000
40591HK1,40741,Sildenafil Tab USP 20mg 1000
40592HK1,40741,Sildenafil Tab USP 20mg 1000
40593HE1,40566,Sildenafil Tab USP 20mg 90
40594HK1,40513,Cyclobenzaprine HCl Tab USP 10mg 1000
40595HK1,40513,Cyclobenzaprine HCl Tab USP 10mg 1000
40596HF1,40011,Cyclobenzaprine HCl Tab USP 10mg 100 TRU
40596HK1,40166,Cyclobenzaprine HCL Tab USP 10mg1000 TRU
40597HK2,40513,Cyclobenzaprine HCl Tab USP 10mg 1000
40598HF1,40011,Cyclobenzaprine HCl Tab USP 10mg 100 TRU
40598HJ1,40012,Cyclobenzaprine HCl Tab USP 10mg 500 TRU
40599HK1,40166,Cyclobenzaprine HCL Tab USP 10mg1000 TRU
40600HK2,40513,Cyclobenzaprine HCl Tab USP 10mg 1000
40601HK2,40729,Baclofen Tab USP 20mg 1000
40602HK1,40729,Baclofen Tab USP 20mg 1000
40603HF1,40019,Baclofen Tab USP 20mg 100 TRU
40603HK2,40729,Baclofen Tab USP 20mg 1000
40604HF1,40019,Baclofen Tab USP 20mg 100 TRU
40606HJ1,40511,Cyclobenzaprine HCl Tab USP 5mg 500
40607HJ1,40008,Cyclobenzaprine HCl Tab USP 5mg 500 TRU
40608HJ1,40008,Cyclobenzaprine HCl Tab USP 5mg 500 TRU
40609HJ1,40008,Cyclobenzaprine HCl Tab USP 5mg 500 TRU
40610HK1,40728,Cyclobenzaprine HCl Tab USP 5mg 1000
40611HF2,40007,Cyclobenzaprine HCl Tab USP 5mg 100 TRU
40612HF2,40007,Cyclobenzaprine HCl Tab USP 5mg 100 TRU
40613HF1,40307,Buspirone HCl Tab USP 5mg 100
40614HF1,40307,Buspirone HCl Tab USP 5mg 100
40615HF1,40307,Buspirone HCl Tab USP 5mg 100
40616HJ1,40308,Buspirone HCl Tab USP 5mg 500
40619HF1,40304,Potassium Chl ER Tab USP 20mEq 100 AB3
40620HF1,40304,Potassium Chl ER Tab USP 20mEq 100 AB3
40621HF1,40304,Potassium Chl ER Tab USP 20mEq 100 AB3
40622HF1,40304,Potassium Chl ER Tab USP 20mEq 100 AB3
40623HF1,40304,Potassium Chl ER Tab USP 20mEq 100 AB3
40633HF1,40013,Baclofen Tab USP 5mg 100 TRU
40634HF1,40013,Baclofen Tab USP 5mg 100 TRU
40635HF1,40013,Baclofen Tab USP 5mg 100 TRU
40636HF1,40013,Baclofen Tab USP 5mg 100 TRU
40636HF2,40601,Baclofen Tab USP 5mg 100
40637,30100,Cor  Nicotine  Pol Mini Loz 4mg Cherry
40638HJ1,40622,Carvedilol Tab USP 25mg 500
40639HJ1,40622,Carvedilol Tab USP 25mg 500
40640HF2,40621,Carvedilol Tab USP 25mg 100
40641HJ1,40622,Carvedilol Tab USP 25mg 500
40642HJ1,40622,Carvedilol Tab USP 25mg 500
40645HK2,40166,Cyclobenzaprine HCL Tab USP 10mg1000 TRU
40646HK1,40513,Cyclobenzaprine HCl Tab USP 10mg 1000
40647HJ1,40512,Cyclobenzaprine HCl Tab USP 10mg 500
40648HF1,40147,Oxybutynin Cl ER Tab USP 15mg 100
40649HF1,40307,Buspirone HCl Tab USP 5mg 100
40657HC1,40293,Amiodarone HCl Tab USP 400mg 30
40659HC1,40293,Amiodarone HCl Tab USP 400mg 30
40660HC1,40293,Amiodarone HCl Tab USP 400mg 30
40661HF1,40864,Cevimeline HCl Cap 30mg 100
40662HF1,40145,Oxybutynin Cl ER Tab USP 5mg 100
40663HF1,40145,Oxybutynin Cl ER Tab USP 5mg 100
40664HF1,40145,Oxybutynin Cl ER Tab USP 5mg 100
40665HC2,40026,Sapropterin DiHCl Tab 100mg 30 DIP TUR
40666HC2,40026,Sapropterin DiHCl Tab 100mg 30 DIP TUR
40667HC2,40026,Sapropterin DiHCl Tab 100mg 30 DIP TUR
40668SB1,40217,Potassium Chl Ora sol 20mEq 30
40669SB1,40217,Potassium Chl Ora sol 20mEq 30
40670SB2,40217,Potassium Chl Ora sol 20mEq 30
40671SB1,40217,Potassium Chl Ora sol 20mEq 30
40672HF1,40440,Isosorbide Dinitrate Tab USP 5mg 100
40673HJ1,40894,Carbi + Levo tab USP 25/250mg 500 Tru
40673HJ2,40833,Carbi + Levo tab USP 25/250mg 500
40673HK1,40895,Carbi + Levo tab USP 25/250mg 1000 Tru
40673HK2,40486,Carbi + Levo tab USP 25/250mg 1000
40674HF1,40304,Potassium Chl ER Tab USP 20mEq 100 AB3
40675HF1,40304,Potassium Chl ER Tab USP 20mEq 100 AB3
40676HF1,40304,Potassium Chl ER Tab USP 20mEq 100 AB3
40677HF1,40304,Potassium Chl ER Tab USP 20mEq 100 AB3
40678HF1,40304,Potassium Chl ER Tab USP 20mEq 100 AB3
40679HF1,40304,Potassium Chl ER Tab USP 20mEq 100 AB3
40680HF1,40304,Potassium Chl ER Tab USP 20mEq 100 AB3
40681HF1,40007,Cyclobenzaprine HCl Tab USP 5mg 100 TRU
40682HF1,40007,Cyclobenzaprine HCl Tab USP 5mg 100 TRU
40683HK1,40166,Cyclobenzaprine HCL Tab USP 10mg1000 TRU
40684HK1,40166,Cyclobenzaprine HCL Tab USP 10mg1000 TRU
40685HK1,40166,Cyclobenzaprine HCL Tab USP 10mg1000 TRU
40690HJ1,40616,Carvedilol Tab USP 3.125mg 500
40691HE1,40566,Sildenafil Tab USP 20mg 90
40693HF1,40307,Buspirone HCl Tab USP 5mg 100
40694HF1,40307,Buspirone HCl Tab USP 5mg 100
40695HD1,40311,Buspirone HCl Tab USP 15mg 60
40696HF1,40592,Baclofen Tab USP 10mg 100
40697HF1,40592,Baclofen Tab USP 10mg 100
40698HF1,40592,Baclofen Tab USP 10mg 100
40699HJ1,40595,Baclofen Tab USP 10mg 500
40700HJ1,40595,Baclofen Tab USP 10mg 500
40701HC1,40669,Desvenlafaxine ER Tab 100 mg 30
40702HC1,40669,Desvenlafaxine ER Tab 100 mg 30
40703HC1,40669,Desvenlafaxine ER Tab 100 mg 30
40704HC1,40669,Desvenlafaxine ER Tab 100 mg 30
40705HC1,40669,Desvenlafaxine ER Tab 100 mg 30
40706HC1,40669,Desvenlafaxine ER Tab 100 mg 30
40707HF1,40676,Labetalol HCl Tab USP 200mg 100
40708HJ1,40677,Labetalol HCl Tab USP 200mg 500
40709HJ1,40677,Labetalol HCl Tab USP 200mg 500
40710HJ1,40677,Labetalol HCl Tab USP 200mg 500
40711HF1,40907,Glipizide Tab USP 10mg 100
40712HJ1,40908,Glipizide Tab USP 10mg 500
40713HK1,40525,Glipizide Tab USP 10mg 1000
40717HE1,40969,Desvenlafaxine ER Tab 50 mg 90
40718HE3,40969,Desvenlafaxine ER Tab 50 mg 90
40719HE3,40969,Desvenlafaxine ER Tab 50 mg 90
40720HF1,40905,Glipizide Tab USP 5 mg 100
40721HJ1,40906,Glipizide Tab USP 5 mg 500
40722HK2,40519,Glipizide Tab USP 5 mg 1000
40724HF1,40146,Oxybutynin Cl ER Tab USP 10mg 100
40725HF1,40146,Oxybutynin Cl ER Tab USP 10mg 100
40727HK2,40492,Carbi + Levo tab USP 25/100mg 1000
40728HK2,40492,Carbi + Levo tab USP 25/100mg 1000
40729HJ1,40897,Carbi + Levo tab USP 25/100mg 500 Tru
40729HK1,40492,Carbi + Levo tab USP 25/100mg 1000
40730HJ1,40897,Carbi + Levo tab USP 25/100mg 500 Tru
40731HF1,40896,Carbi + Levo tab USP 25/100mg 100 Tru
40732HF1,40896,Carbi + Levo tab USP 25/100mg 100 Tru
40733HJ1,40897,Carbi + Levo tab USP 25/100mg 500 Tru
40734HK1,40898,Carbi + Levo tab USP 25/100mg 1000 Tru
40735HF1,40617,Carvedilol Tab USP 6.25mg 100
40736HJ1,40879,Diclofenac sod DR Tab USP 75mg 500
40737HJ1,40879,Diclofenac sod DR Tab USP 75mg 500
40738HJ1,40879,Diclofenac sod DR Tab USP 75mg 500
40739HK1,40157,Diclofenac Sod DR Tab USP 75mg 1000
40740HK1,40657,Metoprolol Tar Tab USP100mg 1000
40741HK1,40657,Metoprolol Tar Tab USP100mg 1000
40742HK1,40657,Metoprolol Tar Tab USP100mg 1000
40743HF1,40171,"Metoprolol Tart. Tab USP 100mg,100's,TRU"
40744HK1,40657,Metoprolol Tar Tab USP100mg 1000
40745HK1,40657,Metoprolol Tar Tab USP100mg 1000
40746HK1,40657,Metoprolol Tar Tab USP100mg 1000
40747HK1,40657,Metoprolol Tar Tab USP100mg 1000
40748HK1,40172,"Metoprolol Tart.Tab USP 100mg,1000's,TRU"
40749HK1,40172,"Metoprolol Tart.Tab USP 100mg,1000's,TRU"
40750HC1,40690,Desvenlafaxine ER Tab 25mg 30
40751HC1,40690,Desvenlafaxine ER Tab 25mg 30
40752HC1,40690,Desvenlafaxine ER Tab 25mg 30
40753HC1,40690,Desvenlafaxine ER Tab 25mg 30
40754HC1,40690,Desvenlafaxine ER Tab 25mg 30
40755HC1,40690,Desvenlafaxine ER Tab 25mg 30
40762HJ1,40797,Clonazepam Tab USP 1mg 500
40763HJ1,40797,Clonazepam Tab USP 1mg 500
40764HJ1,40797,Clonazepam Tab USP 1mg 500
40765HK1,40172,"Metoprolol Tart.Tab USP 100mg,1000's,TRU"
40766HK1,40172,"Metoprolol Tart.Tab USP 100mg,1000's,TRU"
40767HK2,40657,Metoprolol Tar Tab USP100mg 1000
40768HF1,40623,Primidone Tab USP 50mg 100
40769HJ1,40624,Primidone Tab USP 50mg 500
40773HF1,40627,Primidone Tab USP 250mg100
40774HF1,40627,Primidone Tab USP 250mg100
40775HJ2,40628,Primidone Tab USP 250mg 500
40776HC1,40974,Diclofenac Pot Tab USP 25 mg 30 Tri
40776HD1,40699,Diclofenac Pot Tab USP 25mg 60 INA
40777HD1,40699,Diclofenac Pot Tab USP 25mg 60 INA
40777HD2,41026,Diclofenac Pot Tab USP 25 mg 60 Tri
40778HD1,40699,Diclofenac Pot Tab USP 25mg 60 INA
40779HF1,40208,Potassium Chl ER Tab USP 10mEq 100 AB3
40780HF1,40208,Potassium Chl ER Tab USP 10mEq 100 AB3
40781HF1,40208,Potassium Chl ER Tab USP 10mEq 100 AB3
40782HF1,40713,Clonazepam Tab USP 1mg 100
40783HJ1,40797,Clonazepam Tab USP 1mg 500
40784HJ1,40797,Clonazepam Tab USP 1mg 500
40785HJ1,40796,Clonazepam Tab USP 0.5mg 500
40786HJ1,40796,Clonazepam Tab USP 0.5mg 500
40787HC1,40669,Desvenlafaxine ER Tab 100 mg 30
40788HE1,40970,Desvenlafaxine ER Tab 100 mg 90
40789HE1,40970,Desvenlafaxine ER Tab 100 mg 90
40790HF1,40309,Buspirone HCl Tab USP 10mg 100
40791HF1,40309,Buspirone HCl Tab USP 10mg 100
40792HF1,40309,Buspirone HCl Tab USP 10mg 100
40793HF1,40309,Buspirone HCl Tab USP 10mg 100
40794HF1,40678,Labetalol HCl Tab USP 300mg 100
40795HF1,40678,Labetalol HCl Tab USP 300mg 100
40796HJ1,40679,Labetalol HCl Tab USP 300mg 500
40797HF1,40674,Labetalol HCl Tab USP 100mg 100
40798HJ1,40675,Labetalol HCl Tab USP 100mg 500
40799HF1,40151,Diclofenac Sod DR Tab USP 25mg 100
40800HF1,40153,Diclofenac Sod DR Tab USP 50 mg 100
40801HF1,40153,Diclofenac Sod DR Tab USP 50 mg 100
40802HF1,40153,Diclofenac Sod DR Tab USP 50 mg 100
40803HF1,40215,Isosorbide Dinitrate Tab USP 30mg 100
40804HF1,40215,Isosorbide Dinitrate Tab USP 30mg 100
40805HK1,40216,Isosorbide Dinitrate Tab USP 30mg 1000
40806HF1,40864,Cevimeline HCl Cap 30mg 100
40807HF1,40864,Cevimeline HCl Cap 30mg 100
40808HF1,40864,Cevimeline HCl Cap 30mg 100
40809HF1,40864,Cevimeline HCl Cap 30mg 100
40810HF1,40864,Cevimeline HCl Cap 30mg 100
40813HJ1,40677,Labetalol HCl Tab USP 200mg 500
40823HF1,40147,Oxybutynin Cl ER Tab USP 15mg 100
40824HF1,40146,Oxybutynin Cl ER Tab USP 10mg 100
40830HF1,40145,Oxybutynin Cl ER Tab USP 5mg 100
40831,30088,Cor Nicotine Pol Loz 4mg Mint
40832,30088,Cor Nicotine Pol Loz 4mg Mint
40833HK1,40657,Metoprolol Tar Tab USP100mg 1000
40834HK1,40657,Metoprolol Tar Tab USP100mg 1000
40835HK1,40653,Metoprolol Tar Tab USP 25mg 1000
40836HK1,40653,Metoprolol Tar Tab USP 25mg 1000
40837HK1,40653,Metoprolol Tar Tab USP 25mg 1000
40838HK1,40653,Metoprolol Tar Tab USP 25mg 1000
40839HK1,40653,Metoprolol Tar Tab USP 25mg 1000
40840HJ1,40707,Metoprolol Tar Tab USP 25mg 500
40841HJ1,40707,Metoprolol Tar Tab USP 25mg 500
40844HH1,40163,Tizanidine HCl Cap 6mg 150
40845HH1,40162,Tizanidine HCl Cap 4mg 150
40846HF1,40742,Tramadol HCl Tab USP 100mg 100
40846HF2,40742,Tramadol HCl Tab USP 100mg 100
40846HK1,40205,"Tramadol HCl Tab USP 100 mg, 1000's"
40847HF1,40742,Tramadol HCl Tab USP 100mg 100
40848HF1,40742,Tramadol HCl Tab USP 100mg 100
40849HF1,40742,Tramadol HCl Tab USP 100mg 100
40850HF1,40742,Tramadol HCl Tab USP 100mg 100
40851HH1,40161,Tizanidine HCl Cap 2mg 150
40861HF1,40146,Oxybutynin Cl ER Tab USP 10mg 100
40862HF1,40742,Tramadol HCl Tab USP 100mg 100
40863HF1,40150,Midodrine HCL Tab USP 10mg 100 TRU
40864HF1,40696,Midodrine HCl Tab USP 10mg 100
40865HF1,40696,Midodrine HCl Tab USP 10mg 100
40866HF1,40891,Carbi + Levo tab USP 10/100mg 100 Tru
40867HK1,40667,Carvedilol Tab USP 25mg 1000
40868HK1,40667,Carvedilol Tab USP 25mg 1000
40870HF1,40463,Triamterene & HCTZ Tab USP 75/50mg 100
40871HJ1,40620,Carvedilol Tab USP 12.5mg 500
40872HJ1,40618,Carvedilol Tab USP 6.25mg 500
40874HF1,40440,Isosorbide Dinitrate Tab USP 5mg 100
40875HK1,40741,Sildenafil Tab USP 20mg 1000
40876HK1,40741,Sildenafil Tab USP 20mg 1000
40877HK1,40741,Sildenafil Tab USP 20mg 1000
40879GB1,40672,Nitroglycerin Sub Tab USP 0.4mg 1X100
40880GA1,40686,Nitroglycerin Sub Tab USP 0.4mg 4X25
40881GA1,40686,Nitroglycerin Sub Tab USP 0.4mg 4X25
40882GA1,40686,Nitroglycerin Sub Tab USP 0.4mg 4X25
40883GB1,40671,Nitroglycerin Sub Tab USP 0.3mg 1x100
40884HF1,40304,Potassium Chl ER Tab USP 20mEq 100 AB3
40885HF1,40304,Potassium Chl ER Tab USP 20mEq 100 AB3
40886HF1,40304,Potassium Chl ER Tab USP 20mEq 100 AB3
40887HF1,40304,Potassium Chl ER Tab USP 20mEq 100 AB3
40888HF1,40304,Potassium Chl ER Tab USP 20mEq 100 AB3
40889HF1,40304,Potassium Chl ER Tab USP 20mEq 100 AB3
40890HJ1,40452,Potassium Chl ER Tab USP 20mEq 500 AB3
40891HF1,40304,Potassium Chl ER Tab USP 20mEq 100 AB3
40892HF1,40304,Potassium Chl ER Tab USP 20mEq 100 AB3
40894HJ1,40834,Triamterene & HCTZ Tab USP 37.5/25mg 500
40895HF1,40651,Metolazone Tab USP 10mg 100
40896HF1,40695,Midodrine HCl Tab USP 5 mg 100
40897HF1,40695,Midodrine HCl Tab USP 5 mg 100
40898HF1,40149,Midodrine HCl Tab USP 5mg 100 TRU
40899HJ1,40835,Triamterene & HCTZ Tab USP 75/50 mg 500
40900,30086,Cor Nicotine Pol Loz 2mg Mint
40901,30086,Cor Nicotine Pol Loz 2mg Mint
40903HK1,40655,Metoprolol Tar Tab USP 50mg 1000
40904HK1,40655,Metoprolol Tar Tab USP 50mg 1000
40905HK1,40655,Metoprolol Tar Tab USP 50mg 1000
40906HK1,40655,Metoprolol Tar Tab USP 50mg 1000
40907HK1,40655,Metoprolol Tar Tab USP 50mg 1000
40908HK1,40170,"Metoprolol Tart. Tab USP 50mg,1000's,TRU"
40909HK1,40170,"Metoprolol Tart. Tab USP 50mg,1000's,TRU"
40910HK1,40170,"Metoprolol Tart. Tab USP 50mg,1000's,TRU"
40911HK1,40170,"Metoprolol Tart. Tab USP 50mg,1000's,TRU"
40912HF1,40169,"Metoprolol Tart. Tab USP 50mg,100's,TRU"
40913HF1,40700,Tramadol HCl Tab USP 50mg 100
40914HF1,40019,Baclofen Tab USP 20mg 100 TRU
40914HJ1,40727,Baclofen Tab USP 20mg 500
40915HK1,40021,Baclofen Tab USP 20mg 1000 TRU
40916HF1,40650,Metolazone Tab USP 5mg 100
40917HF1,40650,Metolazone Tab USP 5mg 100
40918HF1,40649,Metolazone Tab USP 2.5mg 100
40919HF1,40649,Metolazone Tab USP 2.5mg 100
40920HF1,40649,Metolazone Tab USP 2.5mg 100
40921HJ1,40511,Cyclobenzaprine HCl Tab USP 5mg 500
40922HJ1,40511,Cyclobenzaprine HCl Tab USP 5mg 500
40923HJ1,40008,Cyclobenzaprine HCl Tab USP 5mg 500 TRU
40925HF1,40446,Isosorbide Dinitrate Tab USP 40mg 100
40926HC1,40774,Tranexamic Acid Tab USP 650 mg 30
40927HC1,40774,Tranexamic Acid Tab USP 650 mg 30
40928HC1,40774,Tranexamic Acid Tab USP 650 mg 30
40930GB1,40673,Nitroglycerin Sub Tab USP 0.6mg 1X100
40939BF1,40978,SKIIP Mini Loz 2 mg Mint 2x10 Wel KSA
40939BF2,40978,SKIIP Mini Loz 2 mg Mint 2x10 Wel KSA
40940HF1,40601,Baclofen Tab USP 5mg 100
40941HF1,40601,Baclofen Tab USP 5mg 100
40942HF1,40013,Baclofen Tab USP 5mg 100 TRU
40943HF1,40013,Baclofen Tab USP 5mg 100 TRU
40944BD1,40225,Loratadine OD Tab USP 10mg 1x10
40945BH1,40224,Loratadine OD Tab USP 10mg 3x10
40946HF1,40660,Metoprolol Tar Tab USP 37.5mg 100
40947HK1,40726,Baclofen Tab USP 10mg 1000
40948HF1,40016,Baclofen Tab USP 10mg 100 TRU
40949HJ1,40017,Baclofen Tab USP 10mg 500 TRU
40949HK1,40018,Baclofen Tab USP 10mg 1000 TRU
40950HF1,40442,Isosorbide Dinitrate Tab USP 10mg 100
40951HF1,40442,Isosorbide Dinitrate Tab USP 10mg 100
40952HF1,40442,Isosorbide Dinitrate Tab USP 10mg 100
40953HF1,40442,Isosorbide Dinitrate Tab USP 10mg 100
40955HF1,40440,Isosorbide Dinitrate Tab USP 5mg 100
40956HF1,40440,Isosorbide Dinitrate Tab USP 5mg 100
40957HF1,40440,Isosorbide Dinitrate Tab USP 5mg 100
40958HF1,40440,Isosorbide Dinitrate Tab USP 5mg 100
40960HF1,40444,Isosorbide Dinitrate Tab USP 20mg 100
40961HF1,40444,Isosorbide Dinitrate Tab USP 20mg 100
40962HF1,40444,Isosorbide Dinitrate Tab USP 20mg 100
40963HF1,40444,Isosorbide Dinitrate Tab USP 20mg 100
40964HF1,40444,Isosorbide Dinitrate Tab USP 20mg 100
40965HF1,40444,Isosorbide Dinitrate Tab USP 20mg 100
40970HF1,40488,Carbi + Levo tab USP 10/100mg 100
40971HJ3,40817,Carbi + Levo tab USP 10/100mg 500
40972HF1,40891,Carbi + Levo tab USP 10/100mg 100 Tru
40973,30086,Cor Nicotine Pol Loz 2mg Mint
40974,30086,Cor Nicotine Pol Loz 2mg Mint
40975,30102,Cor  Nicotine  Pol Loz 2mg Cherry
40976,30102,Cor  Nicotine  Pol Loz 2mg Cherry
40977,30088,Cor Nicotine Pol Loz 4mg Mint
40978HK1,40667,Carvedilol Tab USP 25mg 1000
40979HF1,40621,Carvedilol Tab USP 25mg 100
40979HK1,40667,Carvedilol Tab USP 25mg 1000
40980HD1,40294,Amiodarone HCl Tab USP 200mg 60
40981HD1,40294,Amiodarone HCl Tab USP 200mg 60
40982HD1,40294,Amiodarone HCl Tab USP 200mg 60
40985HK1,40726,Baclofen Tab USP 10mg 1000
40986HK1,40018,Baclofen Tab USP 10mg 1000 TRU
40987HK1,40726,Baclofen Tab USP 10mg 1000
40988HK1,40726,Baclofen Tab USP 10mg 1000
40989HK1,40726,Baclofen Tab USP 10mg 1000
40990HK2,40168,"Metoprolol Tart. Tab USP 25mg,1000's,TRU"
40991HF1,40716,Clonazepam Tab USP 2mg 100
40992HF1,40716,Clonazepam Tab USP 2mg 100
40993HF1,40658,Metoprolol Tar Tab USP 75mg 100
40994HF1,40047,Metoprolol Tar Tab USP 75mg 100 TRU
40995HF1,40312,Buspirone HCl Tab USP 15mg 100
40996HF1,40312,Buspirone HCl Tab USP 15mg 100
40997HF1,40312,Buspirone HCl Tab USP 15mg 100
40998HF1,40312,Buspirone HCl Tab USP 15mg 100
40999HF1,40312,Buspirone HCl Tab USP 15mg 100
41000HF1,40312,Buspirone HCl Tab USP 15mg 100
41001HF1,40312,Buspirone HCl Tab USP 15mg 100
41002HF1,40312,Buspirone HCl Tab USP 15mg 100
41003HF1,40312,Buspirone HCl Tab USP 15mg 100
41004HF1,40312,Buspirone HCl Tab USP 15mg 100
41005HF1,40312,Buspirone HCl Tab USP 15mg 100
41006HF1,40312,Buspirone HCl Tab USP 15mg 100
41007HF1,40312,Buspirone HCl Tab USP 15mg 100
41008HF1,40312,Buspirone HCl Tab USP 15mg 100
41010HF1,40680,Acetazolamide Tab USP 125mg 100
41011HF1,40680,Acetazolamide Tab USP 125mg 100
41012HF1,40680,Acetazolamide Tab USP 125mg 100
41013HD1,40316,Buspirone HCl Tab USP 30mg 60
41014HD1,40316,Buspirone HCl Tab USP 30mg 60
41015HD1,40316,Buspirone HCl Tab USP 30mg 60
41016HD1,40316,Buspirone HCl Tab USP 30mg 60
41017HD1,40316,Buspirone HCl Tab USP 30mg 60
41018HD1,40316,Buspirone HCl Tab USP 30mg 60
41027HF1,40716,Clonazepam Tab USP 2mg 100
41028NA1,41103,Fluticasone pro nsal spr USP 50mcg/spr
41028NA2,41103,Fluticasone pro nsal spr USP 50mcg/spr
41029HJ1,40730,Amantadine HCl Cap USP 100mg 500
41030HJ1,40730,Amantadine HCl Cap USP 100mg 500
41031HF1,40140,Amantadine HCl Cap USP 100mg 100
41032BD1,40225,Loratadine OD Tab USP 10mg 1x10
41033BD1,40225,Loratadine OD Tab USP 10mg 1x10
41034BH1,40224,Loratadine OD Tab USP 10mg 3x10
41035HJ1,40707,Metoprolol Tar Tab USP 25mg 500
41036HK1,40653,Metoprolol Tar Tab USP 25mg 1000
41037HK1,40653,Metoprolol Tar Tab USP 25mg 1000
41038HK1,40653,Metoprolol Tar Tab USP 25mg 1000
41039HF1,40654,Metoprolol Tar Tab USP 50mg 100
41039HF2,40654,Metoprolol Tar Tab USP 50mg 100
41040HK1,40655,Metoprolol Tar Tab USP 50mg 1000
41041HK1,40655,Metoprolol Tar Tab USP 50mg 1000
41042HK1,40655,Metoprolol Tar Tab USP 50mg 1000
41043HK1,40655,Metoprolol Tar Tab USP 50mg 1000
41044HK1,40655,Metoprolol Tar Tab USP 50mg 1000
41045HK1,40655,Metoprolol Tar Tab USP 50mg 1000
41046HK1,40655,Metoprolol Tar Tab USP 50mg 1000
41047HK1,40655,Metoprolol Tar Tab USP 50mg 1000
41048HK1,40655,Metoprolol Tar Tab USP 50mg 1000
41049HK1,40655,Metoprolol Tar Tab USP 50mg 1000
41050HK1,40655,Metoprolol Tar Tab USP 50mg 1000
41051HK1,40170,"Metoprolol Tart. Tab USP 50mg,1000's,TRU"
41052HK1,40170,"Metoprolol Tart. Tab USP 50mg,1000's,TRU"
41053HK1,40170,"Metoprolol Tart. Tab USP 50mg,1000's,TRU"
41054HK1,40170,"Metoprolol Tart. Tab USP 50mg,1000's,TRU"
41055HK1,40170,"Metoprolol Tart. Tab USP 50mg,1000's,TRU"
41056HF1,40171,"Metoprolol Tart. Tab USP 100mg,100's,TRU"
41057HK1,40172,"Metoprolol Tart.Tab USP 100mg,1000's,TRU"
41058HK1,40172,"Metoprolol Tart.Tab USP 100mg,1000's,TRU"
41059HK1,40898,Carbi + Levo tab USP 25/100mg 1000 Tru
41060HF1,40896,Carbi + Levo tab USP 25/100mg 100 Tru
41061HF1,40896,Carbi + Levo tab USP 25/100mg 100 Tru
41062HK1,40664,Carvedilol Tab USP 6.25mg 1000
41063HK1,40664,Carvedilol Tab USP 6.25mg 1000
41064HJ1,40295,Amiodarone HCl Tab USP 200mg 500
41065HD1,40294,Amiodarone HCl Tab USP 200mg 60
41066HF1,40509,Dicyclomine HCL Tab USP 20mg 100
41067HF1,40509,Dicyclomine HCL Tab USP 20mg 100
41067HK1,40510,Dicyclomine HCL Tab USP 20mg 1000
41068HK1,40510,Dicyclomine HCL Tab USP 20mg 1000
41069HF1,40213,Bumetanide Tab USP 1mg 100
41069HJ1,41185,Bumetanide Tab USP 1mg 500
41070HF1,40213,Bumetanide Tab USP 1mg 100
41071HF1,40213,Bumetanide Tab USP 1mg 100
41072HF1,40214,Bumetanide Tab USP 2mg 100
41072HJ1,41186,Bumetanide Tab USP 2mg 500
41073HF1,40214,Bumetanide Tab USP 2mg 100
41074HF1,40214,Bumetanide Tab USP 2mg 100
41075HF1,40212,Bumetanide Tab USP 0.5mg 100
41076HF1,40212,Bumetanide Tab USP 0.5mg 100
41077HF1,40212,Bumetanide Tab USP 0.5mg 100
41077HJ1,41184,Bumetanide Tab USP 0.5mg 500
41078HJ1,40620,Carvedilol Tab USP 12.5mg 500
41079HJ1,40620,Carvedilol Tab USP 12.5mg 500
41080HJ1,40620,Carvedilol Tab USP 12.5mg 500
41081HJ1,40620,Carvedilol Tab USP 12.5mg 500
41082HJ1,40620,Carvedilol Tab USP 12.5mg 500
41083HJ1,40620,Carvedilol Tab USP 12.5mg 500
41084HJ1,40620,Carvedilol Tab USP 12.5mg 500
41085HJ1,40620,Carvedilol Tab USP 12.5mg 500
41086HJ1,40620,Carvedilol Tab USP 12.5mg 500
41087HJ1,40620,Carvedilol Tab USP 12.5mg 500
41088HK1,40666,Carvedilol Tab USP 12.5mg 1000
41089HK1,40666,Carvedilol Tab USP 12.5mg 1000
41090HF2,40314,Buspirone HCl Tab USP 7.5mg 100
41091HF1,40314,Buspirone HCl Tab USP 7.5mg 100
41092HF1,40314,Buspirone HCl Tab USP 7.5mg 100
41093HF1,40314,Buspirone HCl Tab USP 7.5mg 100
41094HF1,40314,Buspirone HCl Tab USP 7.5mg 100
41095HF1,40314,Buspirone HCl Tab USP 7.5mg 100
41096HF1,40304,Potassium Chl ER Tab USP 20mEq 100 AB3
41097HF1,40304,Potassium Chl ER Tab USP 20mEq 100 AB3
41098,30328,Cor Potassium Chl ER Tab 20mEq. Ktab
41099HF1,40304,Potassium Chl ER Tab USP 20mEq 100 AB3
41100HC1,40830,Buprenorphine SL Tab 8mg 30
41101HC1,40830,Buprenorphine SL Tab 8mg 30
41102HC1,40830,Buprenorphine SL Tab 8mg 30
41103HC1,40830,Buprenorphine SL Tab 8mg 30
41104HC1,40830,Buprenorphine SL Tab 8mg 30
41106HC1,40471,Carbi + Levo ER Tab USP 25/100mg 30
41106HF1,40472,Carbi + Levo ER Tab USP 25/100mg 100
41107HF1,40472,Carbi + Levo ER Tab USP 25/100mg 100
41108HF1,40472,Carbi + Levo ER Tab USP 25/100mg 100
41109HF1,40865,Loperamide HCL Cap USP 2mg 100
41110HF1,40865,Loperamide HCL Cap USP 2mg 100
41111HF1,40865,Loperamide HCL Cap USP 2mg 100
41112HJ1,40866,Loperamide HCL Cap USP 2mg 500
41113HF1,40865,Loperamide HCL Cap USP 2mg 100
41114HD1,40699,Diclofenac Pot Tab USP 25mg 60 INA
41115HC1,40974,Diclofenac Pot Tab USP 25 mg 30 Tri
41115HD1,41026,Diclofenac Pot Tab USP 25 mg 60 Tri
41116HK1,40741,Sildenafil Tab USP 20mg 1000
41117HE1,40173,Sildenafil Tab USP 20mg 90 TRU
41118HE1,40566,Sildenafil Tab USP 20mg 90
41119HC1,40474,Carbi + Levo ER Tab USP 50/200mg 30
41119HF1,40475,Carbi + Levo ER Tab USP 50/200mg 100
41120HF1,40475,Carbi + Levo ER Tab USP 50/200mg 100
41121HF1,40475,Carbi + Levo ER Tab USP 50/200mg 100
41122HK1,40741,Sildenafil Tab USP 20mg 1000
41123HK1,40741,Sildenafil Tab USP 20mg 1000
41124HE1,40566,Sildenafil Tab USP 20mg 90
41124HK1,40741,Sildenafil Tab USP 20mg 1000
41125HF1,40623,Primidone Tab USP 50mg 100
41126HF1,40623,Primidone Tab USP 50mg 100
41137HD1,40294,Amiodarone HCl Tab USP 200mg 60
41138HD1,40294,Amiodarone HCl Tab USP 200mg 60
41139HD1,40294,Amiodarone HCl Tab USP 200mg 60
41140HJ1,40832,Carbi + Levo tab USP 25/100mg 500
41140HK1,40492,Carbi + Levo tab USP 25/100mg 1000
41141HD1,41026,Diclofenac Pot Tab USP 25 mg 60 Tri
41141HD2,40699,Diclofenac Pot Tab USP 25mg 60 INA
41142HF1,40649,Metolazone Tab USP 2.5mg 100
41143HF1,40649,Metolazone Tab USP 2.5mg 100
41151HK1,40726,Baclofen Tab USP 10mg 1000
41152HK1,40726,Baclofen Tab USP 10mg 1000
41153HK1,40726,Baclofen Tab USP 10mg 1000
41154HK1,40726,Baclofen Tab USP 10mg 1000
41155HK1,40726,Baclofen Tab USP 10mg 1000
41156HK1,40726,Baclofen Tab USP 10mg 1000
41157HF1,40710,Clonazepam Tab USP 0.5mg 100
41158HJ1,40796,Clonazepam Tab USP 0.5mg 500
41159HJ1,40796,Clonazepam Tab USP 0.5mg 500
41160HJ1,40796,Clonazepam Tab USP 0.5mg 500
41161HJ1,40796,Clonazepam Tab USP 0.5mg 500
41162HJ1,40796,Clonazepam Tab USP 0.5mg 500
41163HJ1,40796,Clonazepam Tab USP 0.5mg 500
41164HJ1,40796,Clonazepam Tab USP 0.5mg 500
41165HF1,40893,Carbi + Levo tab USP 25/250mg 100 Tru
41167HF1,40696,Midodrine HCl Tab USP 10mg 100
41168HF1,40696,Midodrine HCl Tab USP 10mg 100
41169HF1,40140,Amantadine HCl Cap USP 100mg 100
41170HF1,40140,Amantadine HCl Cap USP 100mg 100
41171HJ1,40730,Amantadine HCl Cap USP 100mg 500
41172HF1,40696,Midodrine HCl Tab USP 10mg 100
41173HF1,40150,Midodrine HCL Tab USP 10mg 100 TRU
41174HF1,40150,Midodrine HCL Tab USP 10mg 100 TRU
41180HF1,40304,Potassium Chl ER Tab USP 20mEq 100 AB3
41181HF1,40304,Potassium Chl ER Tab USP 20mEq 100 AB3
41182HF1,40304,Potassium Chl ER Tab USP 20mEq 100 AB3
41183HF1,40304,Potassium Chl ER Tab USP 20mEq 100 AB3
41184HF1,40304,Potassium Chl ER Tab USP 20mEq 100 AB3
41185HF1,40304,Potassium Chl ER Tab USP 20mEq 100 AB3
41764HK1,40898,Carbi + Levo tab USP 25/100mg 1000 Tru
41186HF1,40304,Potassium Chl ER Tab USP 20mEq 100 AB3
41187HF1,40674,Labetalol HCl Tab USP 100mg 100
41188HJ1,40675,Labetalol HCl Tab USP 100mg 500
41189HF1,40676,Labetalol HCl Tab USP 200mg 100
41190HJ1,40677,Labetalol HCl Tab USP 200mg 500
41191HF1,41249,Labetalol HCl Tab USP 300mg 100-
41191HJ1,41250,Labetalol HCL Tab USP 300 mg 500-
41192HF1,41249,Labetalol HCl Tab USP 300mg 100-
41205HF1,40650,Metolazone Tab USP 5mg 100
41206HF1,40650,Metolazone Tab USP 5mg 100
41207HF1,40650,Metolazone Tab USP 5mg 100
41208HF1,40650,Metolazone Tab USP 5mg 100
41209HF1,40650,Metolazone Tab USP 5mg 100
41210HF1,40615,Carvedilol Tab USP 3.125mg 100
41210HJ1,40616,Carvedilol Tab USP 3.125mg 500
41210HK1,40665,Carvedilol Tab USP 3.125mg 1000
41211HJ1,40622,Carvedilol Tab USP 25mg 500
41212HJ1,40622,Carvedilol Tab USP 25mg 500
41213HJ1,40622,Carvedilol Tab USP 25mg 500
41214HJ1,40622,Carvedilol Tab USP 25mg 500
41215HF1,40700,Tramadol HCl Tab USP 50mg 100
41215HF2,40700,Tramadol HCl Tab USP 50mg 100
41215HK1,40702,Tramadol HCl Tab USP 50mg 1000
41216HF1,40700,Tramadol HCl Tab USP 50mg 100
41217HF1,40700,Tramadol HCl Tab USP 50mg 100
41217HJ1,40701,Tramadol HCl Tab USP 50mg 500
41217HK1,40702,Tramadol HCl Tab USP 50mg 1000
41218HJ1,40701,Tramadol HCl Tab USP 50mg 500
41219HF1,40700,Tramadol HCl Tab USP 50mg 100
41220HF1,40700,Tramadol HCl Tab USP 50mg 100
41221HK1,40702,Tramadol HCl Tab USP 50mg 1000
41222HK1,40702,Tramadol HCl Tab USP 50mg 1000
41223HK1,40702,Tramadol HCl Tab USP 50mg 1000
41226HF1,40682,Acetazolamide Tab USP 250mg 100
41229HJ1,40892,Carbi + Levo tab USP 10/100mg 500 Tru
41230HK1,40726,Baclofen Tab USP 10mg 1000
41231HJ1,40797,Clonazepam Tab USP 1mg 500
41232HJ1,40797,Clonazepam Tab USP 1mg 500
41233HJ1,40797,Clonazepam Tab USP 1mg 500
41234HF1,40713,Clonazepam Tab USP 1mg 100
41235HJ1,40797,Clonazepam Tab USP 1mg 500
41236HF1,40047,Metoprolol Tar Tab USP 75mg 100 TRU
41236HF2,40658,Metoprolol Tar Tab USP 75mg 100
41237HF1,40694,Midodrine HCl Tab USP 2.5mg 100
41240HF1,40592,Baclofen Tab USP 10mg 100
41241HF1,40592,Baclofen Tab USP 10mg 100
41242HF1,40592,Baclofen Tab USP 10mg 100
41243HF1,40309,Buspirone HCl Tab USP 10mg 100
41244HF1,40309,Buspirone HCl Tab USP 10mg 100
41245HF1,40309,Buspirone HCl Tab USP 10mg 100
41246HF1,40309,Buspirone HCl Tab USP 10mg 100
41247HF1,40309,Buspirone HCl Tab USP 10mg 100
41247HJ1,40310,Buspirone HCl Tab USP 10mg 500
41248HF1,40304,Potassium Chl ER Tab USP 20mEq 100 AB3
41252HK1,40653,Metoprolol Tar Tab USP 25mg 1000
41253HK1,40653,Metoprolol Tar Tab USP 25mg 1000
41254HK1,40653,Metoprolol Tar Tab USP 25mg 1000
41255HJ1,40707,Metoprolol Tar Tab USP 25mg 500
41258,30112,"Cor Nicotine  Pol Loz 4mg,Cinnamon"
41259,30110,"Cor Nicotine  Pol Loz 2mg,Cinnamon"
41260HF1,40880,Guanfacine Tab USP 1mg 100
41261HF1,40880,Guanfacine Tab USP 1mg 100
41262HF2,40880,Guanfacine Tab USP 1mg 100
41263HF1,40880,Guanfacine Tab USP 1mg 100
41264HF1,40880,Guanfacine Tab USP 1mg 100
41265HF1,40880,Guanfacine Tab USP 1mg 100
41266HF1,40880,Guanfacine Tab USP 1mg 100
41267HF1,40880,Guanfacine Tab USP 1mg 100
41268HF1,40880,Guanfacine Tab USP 1mg 100
41269HF1,40880,Guanfacine Tab USP 1mg 100
41270HJ1,40798,Clonazepam Tab USP 2mg 500
41271HJ1,40798,Clonazepam Tab USP 2mg 500
41272HJ1,40798,Clonazepam Tab USP 2mg 500
41273HF1,40627,Primidone Tab USP 250mg100
41274HF1,40627,Primidone Tab USP 250mg100
41275HJ1,40631,Oxcarbazepine Tab USP 150 mg 500
41276HC1,40781,Bisoprolol Fum Tab USP 5 mg 30
41276HF1,40782,Bisoprolol Fum Tab USP 5 mg 100
41277HF1,40782,Bisoprolol Fum Tab USP 5 mg 100
41278HF1,40782,Bisoprolol Fum Tab USP 5 mg 100
41279HF1,40782,Bisoprolol Fum Tab USP 5 mg 100
41284HF1,41064,Metoprolol Tar Tab USP 25mg 100 UnTS
41284HK1,41065,Metoprolol Tar Tab USP 25mg 1000 UnTS
41285HK1,41065,Metoprolol Tar Tab USP 25mg 1000 UnTS
41286HJ1,41062,Metoprolol Tar Tab USP 25mg 500 UnTS
41287HK2,41188,Metoprolol Tar Tab USP 25mg 1000UNTS Tru
41288HF1,40565,Baclofen Tab USP 20mg 100
41289HF1,40565,Baclofen Tab USP 20mg 100
41290HF1,40565,Baclofen Tab USP 20mg 100
41291HK1,40729,Baclofen Tab USP 20mg 1000
41292HK1,40729,Baclofen Tab USP 20mg 1000
41293HK1,40729,Baclofen Tab USP 20mg 1000
41294HK1,40729,Baclofen Tab USP 20mg 1000
41295HF1,40019,Baclofen Tab USP 20mg 100 TRU
41296HF1,40019,Baclofen Tab USP 20mg 100 TRU
41296HK1,40021,Baclofen Tab USP 20mg 1000 TRU
41297HF1,40884,Primidone Tab USP 125mg 100 Tru
41298HF1,40045,Metoprolol Tar Tab USP 37.5mg 100 TRU
41299HF1,40742,Tramadol HCl Tab USP 100mg 100
41300HF1,40742,Tramadol HCl Tab USP 100mg 100
41301HF1,40742,Tramadol HCl Tab USP 100mg 100
41302HF1,40742,Tramadol HCl Tab USP 100mg 100
41303HF1,40617,Carvedilol Tab USP 6.25mg 100
41304HJ1,40618,Carvedilol Tab USP 6.25mg 500
41305HJ1,40618,Carvedilol Tab USP 6.25mg 500
41306HJ1,40618,Carvedilol Tab USP 6.25mg 500
41313HF1,40460,Triamterene & HCTZ Tab USP 37.5/25mg 100
41314HF1,40460,Triamterene & HCTZ Tab USP 37.5/25mg 100
41314HJ1,40834,Triamterene & HCTZ Tab USP 37.5/25mg 500
41315HJ1,40834,Triamterene & HCTZ Tab USP 37.5/25mg 500
41316HJ1,40834,Triamterene & HCTZ Tab USP 37.5/25mg 500
41317HJ1,40834,Triamterene & HCTZ Tab USP 37.5/25mg 500
41318HJ1,40834,Triamterene & HCTZ Tab USP 37.5/25mg 500
41323HJ1,40512,Cyclobenzaprine HCl Tab USP 10mg 500
41323HK1,40513,Cyclobenzaprine HCl Tab USP 10mg 1000
41324HK1,40513,Cyclobenzaprine HCl Tab USP 10mg 1000
41325HK1,40513,Cyclobenzaprine HCl Tab USP 10mg 1000
41326HF1,41072,Metoprolol Tar Tab USP 100mg 100 UnTS
41326HK1,41074,Metoprolol Tar Tab USP 100mg 1000UnTS
41327HK1,41074,Metoprolol Tar Tab USP 100mg 1000UnTS
41328HK1,41074,Metoprolol Tar Tab USP 100mg 1000UnTS
41329HK1,41074,Metoprolol Tar Tab USP 100mg 1000UnTS
41330HK1,41194,Metoprolol Tar Tab USP100mg 1000UNTS Tru
41331HK1,41194,Metoprolol Tar Tab USP100mg 1000UNTS Tru
41332HJ1,40595,Baclofen Tab USP 10mg 500
41333HJ1,40595,Baclofen Tab USP 10mg 500
41334HF1,40016,Baclofen Tab USP 10mg 100 TRU
41334HK1,40018,Baclofen Tab USP 10mg 1000 TRU
41335HK1,40018,Baclofen Tab USP 10mg 1000 TRU
41336HF1,40896,Carbi + Levo tab USP 25/100mg 100 Tru
41337HF1,40896,Carbi + Levo tab USP 25/100mg 100 Tru
41338HF1,40896,Carbi + Levo tab USP 25/100mg 100 Tru
41339HC1,40514,Bisoprolol Fum tab USP 10mg 30
41339HK1,40515,Bisoprolol Fum tab USP 10mg 1000
41340HF1,41131,Baclofen Tab USP 15mg 100 Tru
41341HF1,41131,Baclofen Tab USP 15mg 100 Tru
41342HF1,40500,Pot. Chl ER Tab USP 15mEq 100 AB1
41343HF1,40601,Baclofen Tab USP 5mg 100
41344HF1,40601,Baclofen Tab USP 5mg 100
41345HF1,40013,Baclofen Tab USP 5mg 100 TRU
41346HF1,40013,Baclofen Tab USP 5mg 100 TRU
41347HF1,40013,Baclofen Tab USP 5mg 100 TRU
41348HF1,40446,Isosorbide Dinitrate Tab USP 40mg 100
41349HF1,40446,Isosorbide Dinitrate Tab USP 40mg 100
41350HJ1,40313,Buspirone HCl Tab USP 15mg 500
41351HF1,40312,Buspirone HCl Tab USP 15mg 100
41351HJ1,40313,Buspirone HCl Tab USP 15mg 500
41352SJ1,40218,Potassium Chl Ora sol 20mEq 100
41353SH1,40217,Potassium Chl Ora sol 20mEq 30
41354SI1,40816,Potassium Chl Ora sol 20mEq 50
41354SJ1,40218,Potassium Chl Ora sol 20mEq 100
41355HC1,40292,Amiodarone HCl Tab USP 100mg 30
41356HC1,40292,Amiodarone HCl Tab USP 100mg 30
41357HF1,40710,Clonazepam Tab USP 0.5mg 100
41357HK1,40711,Clonazepam Tab USP 0.5mg 1000
41358HJ1,40796,Clonazepam Tab USP 0.5mg 500
41359HJ1,40796,Clonazepam Tab USP 0.5mg 500
41373HF1,41072,Metoprolol Tar Tab USP 100mg 100 UnTS
41373HK1,41194,Metoprolol Tar Tab USP100mg 1000UNTS Tru
41374HK1,41074,Metoprolol Tar Tab USP 100mg 1000UnTS
41375HK1,41194,Metoprolol Tar Tab USP100mg 1000UNTS Tru
41376HK1,41194,Metoprolol Tar Tab USP100mg 1000UNTS Tru
41377HF1,41308,Metoprolol Tar Tab USP 100mg 100Unco ROW
41377HK1,41194,Metoprolol Tar Tab USP100mg 1000UNTS Tru
41378HF1,41308,Metoprolol Tar Tab USP 100mg 100Unco ROW
41378HK1,41194,Metoprolol Tar Tab USP100mg 1000UNTS Tru
41382HJ1,40906,Glipizide Tab USP 5 mg 500
41382HK1,40519,Glipizide Tab USP 5 mg 1000
41383HF1,40520,Cyclobenzaprine HCl Tab USP 5mg 100
41383HK2,40728,Cyclobenzaprine HCl Tab USP 5mg 1000
41384HJ1,40008,Cyclobenzaprine HCl Tab USP 5mg 500 TRU
41384HJ4,40511,Cyclobenzaprine HCl Tab USP 5mg 500
41385HJ1,40008,Cyclobenzaprine HCl Tab USP 5mg 500 TRU
41386HJ1,40008,Cyclobenzaprine HCl Tab USP 5mg 500 TRU
41387HK1,40728,Cyclobenzaprine HCl Tab USP 5mg 1000
41388HC1,40974,Diclofenac Pot Tab USP 25 mg 30 Tri
41388HC2,40332,Diclofenac Pot Tab USP 25mg 30
41388HD1,41026,Diclofenac Pot Tab USP 25 mg 60 Tri
41388HD2,40699,Diclofenac Pot Tab USP 25mg 60 INA
41388HD3,41026,Diclofenac Pot Tab USP 25 mg 60 Tri
41389HF1,40564,Cyclobenzaprine HCl Tab USP 7.5mg 100
41393,30088,Cor Nicotine Pol Loz 4mg Mint
41394HF1,40695,Midodrine HCl Tab USP 5 mg 100
41395HF1,40695,Midodrine HCl Tab USP 5 mg 100
41397HF1,40047,Metoprolol Tar Tab USP 75mg 100 TRU
41398,30086,Cor Nicotine Pol Loz 2mg Mint
41399HJ1,40797,Clonazepam Tab USP 1mg 500
41400HJ1,40797,Clonazepam Tab USP 1mg 500
41401HF1,40680,Acetazolamide Tab USP 125mg 100
41403HF1,40742,Tramadol HCl Tab USP 100mg 100
41404HF1,40742,Tramadol HCl Tab USP 100mg 100
41405HF1,40742,Tramadol HCl Tab USP 100mg 100
41406HF1,41064,Metoprolol Tar Tab USP 25mg 100 UnTS
41406HK1,41065,Metoprolol Tar Tab USP 25mg 1000 UnTS
41407HK1,41065,Metoprolol Tar Tab USP 25mg 1000 UnTS
41408HK1,41065,Metoprolol Tar Tab USP 25mg 1000 UnTS
41409HF1,40509,Dicyclomine HCL Tab USP 20mg 100
41410HF1,40509,Dicyclomine HCL Tab USP 20mg 100
41410HK1,40510,Dicyclomine HCL Tab USP 20mg 1000
41411HF2,41168,Clonazepam Tab USP 0.5mg 100 NOR
41411HJ2,41169,Clonazepam Tab USP 0.5mg 500 NOR
41412HJ1,40796,Clonazepam Tab USP 0.5mg 500
41413HJ1,40796,Clonazepam Tab USP 0.5mg 500
41414HJ1,40796,Clonazepam Tab USP 0.5mg 500
41415HJ1,40796,Clonazepam Tab USP 0.5mg 500
41416HJ2,41169,Clonazepam Tab USP 0.5mg 500 NOR
41420HC1,40692,Desvenlafaxine ER Tab 50 mg 30
41420HE1,40969,Desvenlafaxine ER Tab 50 mg 90
41421HF1,40880,Guanfacine Tab USP 1mg 100
41422HF1,40880,Guanfacine Tab USP 1mg 100
41425HF1,40307,Buspirone HCl Tab USP 5mg 100
41426HF1,40307,Buspirone HCl Tab USP 5mg 100
41427HF1,40307,Buspirone HCl Tab USP 5mg 100
41427HJ1,40308,Buspirone HCl Tab USP 5mg 500
41434HK1,40726,Baclofen Tab USP 10mg 1000
41435HF1,40592,Baclofen Tab USP 10mg 100
41435HJ1,40595,Baclofen Tab USP 10mg 500
41435HK1,40018,Baclofen Tab USP 10mg 1000 TRU
41436HJ1,40595,Baclofen Tab USP 10mg 500
41437HK1,40018,Baclofen Tab USP 10mg 1000 TRU
41438HK1,40018,Baclofen Tab USP 10mg 1000 TRU
41439HK1,40018,Baclofen Tab USP 10mg 1000 TRU
41440HK1,40018,Baclofen Tab USP 10mg 1000 TRU
41441HF1,40592,Baclofen Tab USP 10mg 100
41444HJ1,40798,Clonazepam Tab USP 2mg 500
41445HJ1,40798,Clonazepam Tab USP 2mg 500
41447HF1,40742,Tramadol HCl Tab USP 100mg 100
41448HJ1,40797,Clonazepam Tab USP 1mg 500
41449HJ1,40797,Clonazepam Tab USP 1mg 500
41449HK1,40714,Clonazepam Tab USP 1mg 1000
41452HC1,40828,Buprenorphine SL Tab 2mg 30
41453HC1,40830,Buprenorphine SL Tab 8mg 30
41454HD1,40294,Amiodarone HCl Tab USP 200mg 60
41455HD1,40294,Amiodarone HCl Tab USP 200mg 60
41455HJ1,40295,Amiodarone HCl Tab USP 200mg 500
41456HJ1,40008,Cyclobenzaprine HCl Tab USP 5mg 500 TRU
41456HK1,40728,Cyclobenzaprine HCl Tab USP 5mg 1000
41457HJ1,40008,Cyclobenzaprine HCl Tab USP 5mg 500 TRU
41458HJ1,40008,Cyclobenzaprine HCl Tab USP 5mg 500 TRU
41459HJ1,40511,Cyclobenzaprine HCl Tab USP 5mg 500
41461HF1,40678,Labetalol HCl Tab USP 300mg 100
41461HJ1,40679,Labetalol HCl Tab USP 300mg 500
41462HJ1,40679,Labetalol HCl Tab USP 300mg 500
41463HF1,40678,Labetalol HCl Tab USP 300mg 100
41464HJ1,40675,Labetalol HCl Tab USP 100mg 500
41467HF1,40742,Tramadol HCl Tab USP 100mg 100
41468HJ1,40701,Tramadol HCl Tab USP 50mg 500
41469HJ1,40701,Tramadol HCl Tab USP 50mg 500
41470HJ1,40701,Tramadol HCl Tab USP 50mg 500
41471HJ1,40701,Tramadol HCl Tab USP 50mg 500
41472HF1,40700,Tramadol HCl Tab USP 50mg 100
41476HF1,40865,Loperamide HCL Cap USP 2mg 100
41477HF1,40865,Loperamide HCL Cap USP 2mg 100
41478HF1,40865,Loperamide HCL Cap USP 2mg 100
41479HF1,40865,Loperamide HCL Cap USP 2mg 100
41480HF1,40865,Loperamide HCL Cap USP 2mg 100
41481HF1,40865,Loperamide HCL Cap USP 2mg 100
41482HK1,41065,Metoprolol Tar Tab USP 25mg 1000 UnTS
41483HK1,41065,Metoprolol Tar Tab USP 25mg 1000 UnTS
41484HK1,41065,Metoprolol Tar Tab USP 25mg 1000 UnTS
41485HK1,41065,Metoprolol Tar Tab USP 25mg 1000 UnTS
41486HF1,40304,Potassium Chl ER Tab USP 20mEq 100 AB3
41487HF1,40304,Potassium Chl ER Tab USP 20mEq 100 AB3
41488HF1,40304,Potassium Chl ER Tab USP 20mEq 100 AB3
41489HF1,40304,Potassium Chl ER Tab USP 20mEq 100 AB3
41490HF1,40304,Potassium Chl ER Tab USP 20mEq 100 AB3
41491HF1,40304,Potassium Chl ER Tab USP 20mEq 100 AB3
41492HK1,40705,Sildenafil Tab USP 50mg 1000
41493HK1,40705,Sildenafil Tab USP 50mg 1000
41498HJ1,40679,Labetalol HCl Tab USP 300mg 500
41505HC2,40830,Buprenorphine SL Tab 8mg 30
41506HC1,40830,Buprenorphine SL Tab 8mg 30
41507HC1,40830,Buprenorphine SL Tab 8mg 30
41508HC1,40830,Buprenorphine SL Tab 8mg 30
41509HC1,40830,Buprenorphine SL Tab 8mg 30
41510HF1,40882,Guanfacine Tab USP 2mg 100
41511HF1,40882,Guanfacine Tab USP 2mg 100
41512HF1,40882,Guanfacine Tab USP 2mg 100
41513HC1,40828,Buprenorphine SL Tab 2mg 30
41514HC1,40828,Buprenorphine SL Tab 2mg 30
41515HC1,40828,Buprenorphine SL Tab 2mg 30
41516HC1,40828,Buprenorphine SL Tab 2mg 30
41517HC1,40828,Buprenorphine SL Tab 2mg 30
41519HF1,40867,Glipizide Tab USP 2.5 mg 100 Tru
41520HF1,40867,Glipizide Tab USP 2.5 mg 100 Tru
41521HF1,40867,Glipizide Tab USP 2.5 mg 100 Tru
41522HF1,40867,Glipizide Tab USP 2.5 mg 100 Tru
41523HF1,40867,Glipizide Tab USP 2.5 mg 100 Tru
41524HC1,40669,Desvenlafaxine ER Tab 100 mg 30
41524HE1,40970,Desvenlafaxine ER Tab 100 mg 90
41524HK1,40670,Desvenlafaxin ER Tab 100 mg 1000
41525HK1,40741,Sildenafil Tab USP 20mg 1000
41526HK1,40741,Sildenafil Tab USP 20mg 1000
41527HK1,40741,Sildenafil Tab USP 20mg 1000
41528HK1,40741,Sildenafil Tab USP 20mg 1000
41529HF1,40215,Isosorbide Dinitrate Tab USP 30mg 100
41530HF1,40215,Isosorbide Dinitrate Tab USP 30mg 100
41531HJ1,40512,Cyclobenzaprine HCl Tab USP 10mg 500
41531HK1,40166,Cyclobenzaprine HCL Tab USP 10mg1000 TRU
41532HK1,40166,Cyclobenzaprine HCL Tab USP 10mg1000 TRU
41533HK1,40166,Cyclobenzaprine HCL Tab USP 10mg1000 TRU
41534HF1,41178,Cyclobenzaprine HCl Tab USP 10mg 100 NOR
41534HK1,41180,Cyclobenzaprine HCL Tab USP 10mg1000 NOR
41535HJ1,40012,Cyclobenzaprine HCl Tab USP 10mg 500 TRU
41535HK1,40513,Cyclobenzaprine HCl Tab USP 10mg 1000
41536HK1,40513,Cyclobenzaprine HCl Tab USP 10mg 1000
41536HK2,40166,Cyclobenzaprine HCL Tab USP 10mg1000 TRU
41537HK1,41180,Cyclobenzaprine HCL Tab USP 10mg1000 NOR
41538HJ1,41179,Cyclobenzaprine HCl Tab USP 10mg 500 NOR
41539HJ1,41179,Cyclobenzaprine HCl Tab USP 10mg 500 NOR
41540HF1,40208,Potassium Chl ER Tab USP 10mEq 100 AB3
41541HK1,41065,Metoprolol Tar Tab USP 25mg 1000 UnTS
41542HK1,41188,Metoprolol Tar Tab USP 25mg 1000UNTS Tru
41543HF1,41187,Metoprolol Tar Tab USP 25mg 100 UNTS Tru
41543HJ1,41062,Metoprolol Tar Tab USP 25mg 500 UnTS
41543HK1,41188,Metoprolol Tar Tab USP 25mg 1000UNTS Tru
41544HJ1,41062,Metoprolol Tar Tab USP 25mg 500 UnTS
41545HF1,40167,"Metoprolol Tart. Tab USP 25mg,100's,TRU"
41545HK1,40168,"Metoprolol Tart. Tab USP 25mg,1000's,TRU"
41546HF1,40700,Tramadol HCl Tab USP 50mg 100
41547HF1,40700,Tramadol HCl Tab USP 50mg 100
41548HK1,40702,Tramadol HCl Tab USP 50mg 1000
41549HK1,40702,Tramadol HCl Tab USP 50mg 1000
41550HK1,40702,Tramadol HCl Tab USP 50mg 1000
41551HK1,40702,Tramadol HCl Tab USP 50mg 1000
41552HJ1,40701,Tramadol HCl Tab USP 50mg 500
41552HK1,40702,Tramadol HCl Tab USP 50mg 1000
41553HJ1,40701,Tramadol HCl Tab USP 50mg 500
41554HJ1,40701,Tramadol HCl Tab USP 50mg 500
41555HC1,40774,Tranexamic Acid Tab USP 650 mg 30
41556HJ1,40310,Buspirone HCl Tab USP 10mg 500
41557HF1,40309,Buspirone HCl Tab USP 10mg 100
41557HJ1,40310,Buspirone HCl Tab USP 10mg 500
41558HF1,40309,Buspirone HCl Tab USP 10mg 100
41559HF1,40309,Buspirone HCl Tab USP 10mg 100
41560HF1,40309,Buspirone HCl Tab USP 10mg 100
41561HF1,40309,Buspirone HCl Tab USP 10mg 100
41562HF1,40615,Carvedilol Tab USP 3.125mg 100
41562HJ1,40616,Carvedilol Tab USP 3.125mg 500
41562HK1,40665,Carvedilol Tab USP 3.125mg 1000
41563HJ1,40616,Carvedilol Tab USP 3.125mg 500
41564HJ1,40616,Carvedilol Tab USP 3.125mg 500
41565,30410,Ble CG Pot Chl ER Tab USP 15mEq KlorCon
41567HF1,40893,Carbi + Levo tab USP 25/250mg 100 Tru
41567HJ1,40894,Carbi + Levo tab USP 25/250mg 500 Tru
41567HK1,40895,Carbi + Levo tab USP 25/250mg 1000 Tru
41568HF1,40621,Carvedilol Tab USP 25mg 100
41568HF2,40621,Carvedilol Tab USP 25mg 100
41568HJ1,40622,Carvedilol Tab USP 25mg 500
41569HK1,40667,Carvedilol Tab USP 25mg 1000
41570HJ1,40622,Carvedilol Tab USP 25mg 500
41571HF1,40676,Labetalol HCl Tab USP 200mg 100
41571HJ1,40677,Labetalol HCl Tab USP 200mg 500
41592HF1,40304,Potassium Chl ER Tab USP 20mEq 100 AB3
41593HF1,40880,Guanfacine Tab USP 1mg 100
41594HK1,40898,Carbi + Levo tab USP 25/100mg 1000 Tru
41595HK1,40492,Carbi + Levo tab USP 25/100mg 1000
41596HK1,40492,Carbi + Levo tab USP 25/100mg 1000
41597HK1,41191,Metoprolol Tar Tab USP 50mg 1000UNTS Tru
41598GA1,40686,Nitroglycerin Sub Tab USP 0.4mg 4X25
41599GA1,40686,Nitroglycerin Sub Tab USP 0.4mg 4X25
41600HK1,41191,Metoprolol Tar Tab USP 50mg 1000UNTS Tru
41601HK1,41191,Metoprolol Tar Tab USP 50mg 1000UNTS Tru
41602HK1,41191,Metoprolol Tar Tab USP 50mg 1000UNTS Tru
41603HK1,41191,Metoprolol Tar Tab USP 50mg 1000UNTS Tru
41603HK2,41069,Metoprolol Tar Tab USP 50mg 1000 UnTS
41604HF1,41068,Metoprolol Tar Tab USP 50mg 100 UnTS
41604HK1,41069,Metoprolol Tar Tab USP 50mg 1000 UnTS
41605HK1,41069,Metoprolol Tar Tab USP 50mg 1000 UnTS
41606HK1,41069,Metoprolol Tar Tab USP 50mg 1000 UnTS
41607HK1,41069,Metoprolol Tar Tab USP 50mg 1000 UnTS
41608HK1,41069,Metoprolol Tar Tab USP 50mg 1000 UnTS
41609HK1,41069,Metoprolol Tar Tab USP 50mg 1000 UnTS
41610HK1,41069,Metoprolol Tar Tab USP 50mg 1000 UnTS
41611HF1,40742,Tramadol HCl Tab USP 100mg 100
41612HF1,40742,Tramadol HCl Tab USP 100mg 100
41613HF1,40742,Tramadol HCl Tab USP 100mg 100
41614HF1,40742,Tramadol HCl Tab USP 100mg 100
41615HF1,40742,Tramadol HCl Tab USP 100mg 100
41616HF1,40742,Tramadol HCl Tab USP 100mg 100
41617HF1,41173,Clonazepam Tab USP 2mg 100 NOR
41617HJ1,41174,Clonazepam Tab USP 2mg 500 NOR
41617HJ2,40798,Clonazepam Tab USP 2mg 500
41618HK1,40510,Dicyclomine HCL Tab USP 20mg 1000
41625HJ1,40701,Tramadol HCl Tab USP 50mg 500
41626HJ1,40701,Tramadol HCl Tab USP 50mg 500
41627HJ1,40701,Tramadol HCl Tab USP 50mg 500
41629HC1,40774,Tranexamic Acid Tab USP 650 mg 30
41630HC1,40774,Tranexamic Acid Tab USP 650 mg 30
41631HC1,40774,Tranexamic Acid Tab USP 650 mg 30
41632HC1,40774,Tranexamic Acid Tab USP 650 mg 30
41633HC1,40774,Tranexamic Acid Tab USP 650 mg 30
41634HF1,40304,Potassium Chl ER Tab USP 20mEq 100 AB3
41635HF1,40304,Potassium Chl ER Tab USP 20mEq 100 AB3
41636HF1,40304,Potassium Chl ER Tab USP 20mEq 100 AB3
41637HF1,40304,Potassium Chl ER Tab USP 20mEq 100 AB3
41637HJ1,40452,Potassium Chl ER Tab USP 20mEq 500 AB3
41638HF1,40304,Potassium Chl ER Tab USP 20mEq 100 AB3
41639HF1,40208,Potassium Chl ER Tab USP 10mEq 100 AB3
41640HF2,41170,Clonazepam Tab USP 1mg 100 NOR
41640HJ2,41171,Clonazepam Tab USP 1mg 500 NOR
41640HK2,41172,Clonazepam Tab USP 1mg 1000 NOR
41641HF1,40713,Clonazepam Tab USP 1mg 100
41642HF2,41170,Clonazepam Tab USP 1mg 100 NOR
41643HJ2,41171,Clonazepam Tab USP 1mg 500 NOR
41644HJ1,40797,Clonazepam Tab USP 1mg 500
41645HJ1,40797,Clonazepam Tab USP 1mg 500
41646HF1,40710,Clonazepam Tab USP 0.5mg 100
41646HK1,40711,Clonazepam Tab USP 0.5mg 1000
41647HF1,40592,Baclofen Tab USP 10mg 100
41648HF1,40592,Baclofen Tab USP 10mg 100
41649HF1,40592,Baclofen Tab USP 10mg 100
41650HK1,40728,Cyclobenzaprine HCl Tab USP 5mg 1000
41651HJ1,41175,Cyclobenzaprine HCl Tab USP 5mg 500 NOR
41652HJ1,41175,Cyclobenzaprine HCl Tab USP 5mg 500 NOR
41653HF1,41183,Cyclobenzaprine HCl Tab USP 5mg 100 NOR
41654HF1,41183,Cyclobenzaprine HCl Tab USP 5mg 100 NOR
41655,30098,Cor  Nicotine  Pol Mini Loz 2mg Cherry
41656HC1,40514,Bisoprolol Fum tab USP 10mg 30
41656HF1,40785,Bisoprolol Fum Tab USP 10 mg 100
41659HC1,40692,Desvenlafaxine ER Tab 50 mg 30
41660HE1,40969,Desvenlafaxine ER Tab 50 mg 90
41661HF1,41177,Cyclobenzaprine HCl Tab USP 7.5mg100 NOR
41662HF1,40564,Cyclobenzaprine HCl Tab USP 7.5mg 100
41663HF1,41177,Cyclobenzaprine HCl Tab USP 7.5mg100 NOR
41664HK1,40166,Cyclobenzaprine HCL Tab USP 10mg1000 TRU
41665HF1,41207,Meto Tar Tab USP 25 mg MOLT 100UNTS
41665HK1,41209,Meto Tar Tab USP 25 mg MOLT 1000UNTS
41666HF1,41210,Meto Tar Tab USP 100 mg MOLT 100UNTS
41666HK1,41212,Meto Tar Tab USP 100 mg MOLT 1000UNTS
41667HC1,41203,Meto Tar Tab USP 12.5mg MTLT 30
41667HK1,41206,Meto Tar Tab USP 12.5mg MTLT 1000
41668,30100,Cor  Nicotine  Pol Mini Loz 4mg Cherry
41669HC1,40974,Diclofenac Pot Tab USP 25 mg 30 Tri
41669HD1,40699,Diclofenac Pot Tab USP 25mg 60 INA
41670NB1,40936,Naloxone Hcl Nasal Spray4mg/spray 125µml
41670NB2,40936,Naloxone Hcl Nasal Spray4mg/spray 125µml
41676,30088,Cor Nicotine Pol Loz 4mg Mint
41678HF1,40601,Baclofen Tab USP 5mg 100
41679HF1,40601,Baclofen Tab USP 5mg 100
41680HF1,40601,Baclofen Tab USP 5mg 100
41681HF1,40601,Baclofen Tab USP 5mg 100
41682HF1,40013,Baclofen Tab USP 5mg 100 TRU
41683HF1,40013,Baclofen Tab USP 5mg 100 TRU
41684,30086,Cor Nicotine Pol Loz 2mg Mint
41685,30086,Cor Nicotine Pol Loz 2mg Mint
41686,30086,Cor Nicotine Pol Loz 2mg Mint
41687HC1,41214,Trimethoprim Tab USP 100mg 30
41687HF1,41215,Trimethoprim Tab USP 100mg 100
41688HC1,41214,Trimethoprim Tab USP 100mg 30
41688HF1,41215,Trimethoprim Tab USP 100mg 100
41689HC1,41214,Trimethoprim Tab USP 100mg 30
41689HF1,41215,Trimethoprim Tab USP 100mg 100
41690HF1,40335,Diclofenac Pot Tab USP 50mg 100
41690HJ1,40602,Diclofenac Pot tab 50mg 500
41691HJ1,40796,Clonazepam Tab USP 0.5mg 500
41692HJ1,40796,Clonazepam Tab USP 0.5mg 500
41693HJ1,40796,Clonazepam Tab USP 0.5mg 500
41700HF1,40565,Baclofen Tab USP 20mg 100
41701HF1,40565,Baclofen Tab USP 20mg 100
41702HF1,40019,Baclofen Tab USP 20mg 100 TRU
41703HK1,40729,Baclofen Tab USP 20mg 1000
41704HK1,40729,Baclofen Tab USP 20mg 1000
41705HK1,40729,Baclofen Tab USP 20mg 1000
41706HK1,40729,Baclofen Tab USP 20mg 1000
41708HF1,40865,Loperamide HCL Cap USP 2mg 100
41709HF1,40865,Loperamide HCL Cap USP 2mg 100
41710HF1,40865,Loperamide HCL Cap USP 2mg 100
41711HF1,40865,Loperamide HCL Cap USP 2mg 100
41712NB1,41216,Diazepam Nasal Spray 10mg/Spray
41713HC1,40584,Tramadol HCL Tab 75mg 30
41714HC1,40584,Tramadol HCL Tab 75mg 30
41715HC1,40584,Tramadol HCL Tab 75mg 30
41716HJ1,40796,Clonazepam Tab USP 0.5mg 500
41717HF1,40623,Primidone Tab USP 50mg 100
41718HF1,40623,Primidone Tab USP 50mg 100
41719HC1,40293,Amiodarone HCl Tab USP 400mg 30
41720HF1,40304,Potassium Chl ER Tab USP 20mEq 100 AB3
41721HF1,40304,Potassium Chl ER Tab USP 20mEq 100 AB3
41724HE1,40970,Desvenlafaxine ER Tab 100 mg 90
41725HE1,40970,Desvenlafaxine ER Tab 100 mg 90
41726HE1,40970,Desvenlafaxine ER Tab 100 mg 90
41727HE1,40970,Desvenlafaxine ER Tab 100 mg 90
41728HE1,40970,Desvenlafaxine ER Tab 100 mg 90
41729HE1,40970,Desvenlafaxine ER Tab 100 mg 90
41730HF1,40617,Carvedilol Tab USP 6.25mg 100
41730HJ1,40618,Carvedilol Tab USP 6.25mg 500
41731HJ1,40618,Carvedilol Tab USP 6.25mg 500
41731HK1,40664,Carvedilol Tab USP 6.25mg 1000
41732HJ1,40618,Carvedilol Tab USP 6.25mg 500
41733HJ1,40797,Clonazepam Tab USP 1mg 500
41734HF2,40615,Carvedilol Tab USP 3.125mg 100
41734HJ1,40616,Carvedilol Tab USP 3.125mg 500
41734HK1,40665,Carvedilol Tab USP 3.125mg 1000
41735HJ1,40616,Carvedilol Tab USP 3.125mg 500
41736HJ1,40616,Carvedilol Tab USP 3.125mg 500
41737HK1,40166,Cyclobenzaprine HCL Tab USP 10mg1000 TRU
41738HK1,40166,Cyclobenzaprine HCL Tab USP 10mg1000 TRU
41739HK1,40166,Cyclobenzaprine HCL Tab USP 10mg1000 TRU
41740PA1,41121,Rivaroxaban Oral Suspension 1mg/ml
41741PA1,41121,Rivaroxaban Oral Suspension 1mg/ml
41742PA1,41121,Rivaroxaban Oral Suspension 1mg/ml
41743HC1,40332,Diclofenac Pot Tab USP 25mg 30
41744HC1,40974,Diclofenac Pot Tab USP 25 mg 30 Tri
41744HD1,41026,Diclofenac Pot Tab USP 25 mg 60 Tri
41745HC1,40974,Diclofenac Pot Tab USP 25 mg 30 Tri
41745HD1,41026,Diclofenac Pot Tab USP 25 mg 60 Tri
41755HE1,40970,Desvenlafaxine ER Tab 100 mg 90
41756HE1,40970,Desvenlafaxine ER Tab 100 mg 90
41757HJ1,40620,Carvedilol Tab USP 12.5mg 500
41758HJ1,40620,Carvedilol Tab USP 12.5mg 500
41759HJ1,40620,Carvedilol Tab USP 12.5mg 500
41760HF1,40140,Amantadine HCl Cap USP 100mg 100
41760HJ1,40730,Amantadine HCl Cap USP 100mg 500
41761HJ1,40679,Labetalol HCl Tab USP 300mg 500
41762HJ1,40679,Labetalol HCl Tab USP 300mg 500
41763HK2,40492,Carbi + Levo tab USP 25/100mg 1000
41765HK1,40898,Carbi + Levo tab USP 25/100mg 1000 Tru
41766HF1,41307,Metoprolol Tar Tab USP 50mg 100Unco ROW
41766HK1,41191,Metoprolol Tar Tab USP 50mg 1000UNTS Tru
41767HF1,41307,Metoprolol Tar Tab USP 50mg 100Unco ROW
41767HK1,41191,Metoprolol Tar Tab USP 50mg 1000UNTS Tru
41776HJ1,40595,Baclofen Tab USP 10mg 500
41778HC2,40028,Sapropterin DiHCl Tab 100mg 30 DIP KOR
41779HC2,40026,Sapropterin DiHCl Tab 100mg 30 DIP TUR
41779HC3,40028,Sapropterin DiHCl Tab 100mg 30 DIP KOR
41780HC1,40026,Sapropterin DiHCl Tab 100mg 30 DIP TUR
41781HC1,40026,Sapropterin DiHCl Tab 100mg 30 DIP TUR
41782HC1,40026,Sapropterin DiHCl Tab 100mg 30 DIP TUR
41784HK1,41191,Metoprolol Tar Tab USP 50mg 1000UNTS Tru
41785HK1,41191,Metoprolol Tar Tab USP 50mg 1000UNTS Tru
41786HK1,41191,Metoprolol Tar Tab USP 50mg 1000UNTS Tru
41787HK1,41191,Metoprolol Tar Tab USP 50mg 1000UNTS Tru
41788HK1,41191,Metoprolol Tar Tab USP 50mg 1000UNTS Tru
41789HF1,41068,Metoprolol Tar Tab USP 50mg 100 UnTS
41789HF2,41307,Metoprolol Tar Tab USP 50mg 100Unco ROW
41789HK1,41069,Metoprolol Tar Tab USP 50mg 1000 UnTS
41790HK1,41069,Metoprolol Tar Tab USP 50mg 1000 UnTS
41791HK1,41069,Metoprolol Tar Tab USP 50mg 1000 UnTS
41792HK1,41069,Metoprolol Tar Tab USP 50mg 1000 UnTS
41793SJ1,40218,Potassium Chl Ora sol 20mEq 100
41794SJ1,40218,Potassium Chl Ora sol 20mEq 100
41795SJ1,40218,Potassium Chl Ora sol 20mEq 100
41796HJ1,40317,Buspirone HCl Tab USP 30mg 500
41798HK1,41065,Metoprolol Tar Tab USP 25mg 1000 UnTS
41799HK1,41065,Metoprolol Tar Tab USP 25mg 1000 UnTS
41801HF1,40314,Buspirone HCl Tab USP 7.5mg 100
41801HJ1,40315,Buspirone HCl Tab USP 7.5mg 500
41803HF1,40309,Buspirone HCl Tab USP 10mg 100
41803HJ1,40310,Buspirone HCl Tab USP 10mg 500
41804HF1,40309,Buspirone HCl Tab USP 10mg 100
41805HF1,40309,Buspirone HCl Tab USP 10mg 100
41806HF1,40309,Buspirone HCl Tab USP 10mg 100
41807HF1,40309,Buspirone HCl Tab USP 10mg 100
41808HF1,40307,Buspirone HCl Tab USP 5mg 100
41808HJ1,40308,Buspirone HCl Tab USP 5mg 500
41809HF1,40307,Buspirone HCl Tab USP 5mg 100
41810HF1,40307,Buspirone HCl Tab USP 5mg 100
41811HF1,40307,Buspirone HCl Tab USP 5mg 100
41812HJ1,40313,Buspirone HCl Tab USP 15mg 500
41813HF1,40312,Buspirone HCl Tab USP 15mg 100
41814HF1,40312,Buspirone HCl Tab USP 15mg 100
41815HF1,40312,Buspirone HCl Tab USP 15mg 100
41816HF1,40312,Buspirone HCl Tab USP 15mg 100
41817HF1,40013,Baclofen Tab USP 5mg 100 TRU
41818HF1,40013,Baclofen Tab USP 5mg 100 TRU
41819HF1,40013,Baclofen Tab USP 5mg 100 TRU
41820HF1,40013,Baclofen Tab USP 5mg 100 TRU
41821HF1,40700,Tramadol HCl Tab USP 50mg 100
41822HJ1,40701,Tramadol HCl Tab USP 50mg 500
41823HF1,40700,Tramadol HCl Tab USP 50mg 100
41825HJ1,40295,Amiodarone HCl Tab USP 200mg 500
41826HJ1,40295,Amiodarone HCl Tab USP 200mg 500
41828HF1,41218,Triamterene Capsule USP 100mg 100
41829HF1,41218,Triamterene Capsule USP 100mg 100
41830HF1,41218,Triamterene Capsule USP 100mg 100
41831HF1,41217,Triamterene Capsule USP 50mg 100
41832HF1,41217,Triamterene Capsule USP 50mg 100
41833HF1,41217,Triamterene Capsule USP 50mg 100
41834HF1,40865,Loperamide HCL Cap USP 2mg 100
41835HF1,40682,Acetazolamide Tab USP 250mg 100
41836HF1,40682,Acetazolamide Tab USP 250mg 100
41837HF1,40682,Acetazolamide Tab USP 250mg 100
41838HE1,40970,Desvenlafaxine ER Tab 100 mg 90
41839HE1,40970,Desvenlafaxine ER Tab 100 mg 90
41840HJ1,40701,Tramadol HCl Tab USP 50mg 500
41841HF1,40700,Tramadol HCl Tab USP 50mg 100
41842HJ1,40701,Tramadol HCl Tab USP 50mg 500
41843HF1,40700,Tramadol HCl Tab USP 50mg 100
41844HJ1,40701,Tramadol HCl Tab USP 50mg 500
41845HF1,40700,Tramadol HCl Tab USP 50mg 100
41846HJ1,40701,Tramadol HCl Tab USP 50mg 500
41847HC1,40690,Desvenlafaxine ER Tab 25mg 30
41848HC1,40690,Desvenlafaxine ER Tab 25mg 30
41849HC1,40690,Desvenlafaxine ER Tab 25mg 30
41850HC1,40690,Desvenlafaxine ER Tab 25mg 30
41851HC1,40690,Desvenlafaxine ER Tab 25mg 30
41852GA1,40686,Nitroglycerin Sub Tab USP 0.4mg 4X25
41853GA1,40686,Nitroglycerin Sub Tab USP 0.4mg 4X25
41854GA1,40686,Nitroglycerin Sub Tab USP 0.4mg 4X25
41855GA1,40686,Nitroglycerin Sub Tab USP 0.4mg 4X25
41856GB1,40672,Nitroglycerin Sub Tab USP 0.4mg 1X100
41857HK1,40898,Carbi + Levo tab USP 25/100mg 1000 Tru
41862,30410,Ble CG Pot Chl ER Tab USP 15mEq KlorCon
41866HC1,40830,Buprenorphine SL Tab 8mg 30
41867HC1,40830,Buprenorphine SL Tab 8mg 30
41868HC1,40828,Buprenorphine SL Tab 2mg 30
41869HC1,40828,Buprenorphine SL Tab 2mg 30
41870HF1,40884,Primidone Tab USP 125mg 100 Tru
41871HF1,40884,Primidone Tab USP 125mg 100 Tru
41873HK1,40726,Baclofen Tab USP 10mg 1000
41874HJ1,40595,Baclofen Tab USP 10mg 500
41875HK1,40726,Baclofen Tab USP 10mg 1000
41875HK1,40726,Baclofen Tab USP 10mg 1000
41876HJ1,40595,Baclofen Tab USP 10mg 500
41877HK1,40726,Baclofen Tab USP 10mg 1000
41878HJ1,40595,Baclofen Tab USP 10mg 500
41879HK1,40726,Baclofen Tab USP 10mg 1000
41879HK1,40726,Baclofen Tab USP 10mg 1000
41880HJ1,40595,Baclofen Tab USP 10mg 500
41880HK1,40726,Baclofen Tab USP 10mg 1000
41881HK1,41065,Metoprolol Tar Tab USP 25mg 1000 UnTS
41882HK1,41065,Metoprolol Tar Tab USP 25mg 1000 UnTS
41883HK1,41065,Metoprolol Tar Tab USP 25mg 1000 UnTS
41884HK1,41065,Metoprolol Tar Tab USP 25mg 1000 UnTS
41885HK1,41065,Metoprolol Tar Tab USP 25mg 1000 UnTS
41886HJ1,41062,Metoprolol Tar Tab USP 25mg 500 UnTS
41887HJ1,41062,Metoprolol Tar Tab USP 25mg 500 UnTS
41888HF1,41187,Metoprolol Tar Tab USP 25mg 100 UNTS Tru
41888HK1,41188,Metoprolol Tar Tab USP 25mg 1000UNTS Tru
41889HK1,41188,Metoprolol Tar Tab USP 25mg 1000UNTS Tru
41900HF1,40149,Midodrine HCl Tab USP 5mg 100 TRU
41901HF1,40695,Midodrine HCl Tab USP 5 mg 100
41902HF1,40695,Midodrine HCl Tab USP 5 mg 100
41903HF1,40627,Primidone Tab USP 250mg100
41903HJ1,40628,Primidone Tab USP 250mg 500
41904HF1,40627,Primidone Tab USP 250mg100
41908HF1,40208,Potassium Chl ER Tab USP 10mEq 100 AB3
41909HF1,40623,Primidone Tab USP 50mg 100
41910HF1,40623,Primidone Tab USP 50mg 100
41911HF1,40623,Primidone Tab USP 50mg 100
41912HK1,40702,Tramadol HCl Tab USP 50mg 1000
41913HK1,40702,Tramadol HCl Tab USP 50mg 1000
41914HK1,40702,Tramadol HCl Tab USP 50mg 1000
41915HK1,40702,Tramadol HCl Tab USP 50mg 1000
41916HK1,40702,Tramadol HCl Tab USP 50mg 1000
41917HK1,40702,Tramadol HCl Tab USP 50mg 1000
41918HK1,40702,Tramadol HCl Tab USP 50mg 1000
41919HF1,40649,Metolazone Tab USP 2.5mg 100
41920HF1,40649,Metolazone Tab USP 2.5mg 100
41921HF1,40649,Metolazone Tab USP 2.5mg 100
41922HK1,40166,Cyclobenzaprine HCL Tab USP 10mg1000 TRU
41923HK1,40166,Cyclobenzaprine HCL Tab USP 10mg1000 TRU
41924HK1,40166,Cyclobenzaprine HCL Tab USP 10mg1000 TRU
41925GB1,40671,Nitroglycerin Sub Tab USP 0.3mg 1x100
41926HF1,40649,Metolazone Tab USP 2.5mg 100
41927HF1,40896,Carbi + Levo tab USP 25/100mg 100 Tru
41927HK1,40898,Carbi + Levo tab USP 25/100mg 1000 Tru
41928HF1,40896,Carbi + Levo tab USP 25/100mg 100 Tru
41929HF1,40896,Carbi + Levo tab USP 25/100mg 100 Tru
41930HJ1,40897,Carbi + Levo tab USP 25/100mg 500 Tru
41931HC1,41058,"SPIRONOLACTONE+HCTZ TAB, USP 25/25MG 30"
41931HF1,41059,"SPIRONOLACTONE+HCTZ TAB, USP 25/25MG 100"
41931HK1,41061,SPIRONOLACTONE+HCTZ TAB USP 25/25MG 1000
41932HC1,41058,"SPIRONOLACTONE+HCTZ TAB, USP 25/25MG 30"
41932HF1,41059,"SPIRONOLACTONE+HCTZ TAB, USP 25/25MG 100"
41932HK1,41061,SPIRONOLACTONE+HCTZ TAB USP 25/25MG 1000
41933HF1,40304,Potassium Chl ER Tab USP 20mEq 100 AB3
41934HF1,40304,Potassium Chl ER Tab USP 20mEq 100 AB3
41935HF1,40304,Potassium Chl ER Tab USP 20mEq 100 AB3
41936HF1,40304,Potassium Chl ER Tab USP 20mEq 100 AB3
41937HF1,41308,Metoprolol Tar Tab USP 100mg 100Unco ROW
41937HK1,41074,Metoprolol Tar Tab USP 100mg 1000UnTS
41938HK1,41074,Metoprolol Tar Tab USP 100mg 1000UnTS
41943HK1,40525,Glipizide Tab USP 10mg 1000
41944HF1,40694,Midodrine HCl Tab USP 2.5mg 100
41945HF1,40694,Midodrine HCl Tab USP 2.5mg 100
41946HF1,40696,Midodrine HCl Tab USP 10mg 100
41947HF1,40696,Midodrine HCl Tab USP 10mg 100
41948HC1,40690,Desvenlafaxine ER Tab 25mg 30
41949HC1,40690,Desvenlafaxine ER Tab 25mg 30
41950HC1,40690,Desvenlafaxine ER Tab 25mg 30
41951HC1,40774,Tranexamic Acid Tab USP 650 mg 30
41952HC1,40774,Tranexamic Acid Tab USP 650 mg 30
41953HC1,40774,Tranexamic Acid Tab USP 650 mg 30
41954HC1,40774,Tranexamic Acid Tab USP 650 mg 30
41955HC1,40774,Tranexamic Acid Tab USP 650 mg 30
41956HF1,40440,Isosorbide Dinitrate Tab USP 5mg 100
41956HK1,40441,Isosorbide Dinitrate Tab USP 5mg 1000
41957,30088,Cor Nicotine Pol Loz 4mg Mint
41958,30088,Cor Nicotine Pol Loz 4mg Mint
41961HJ1,40310,Buspirone HCl Tab USP 10mg 500
41962HF1,40304,Potassium Chl ER Tab USP 20mEq 100 AB3
41963HJ2,40452,Potassium Chl ER Tab USP 20mEq 500 AB3
41964HF1,40304,Potassium Chl ER Tab USP 20mEq 100 AB3
41965HF1,40304,Potassium Chl ER Tab USP 20mEq 100 AB3
41966HF1,40304,Potassium Chl ER Tab USP 20mEq 100 AB3
41967HF1,40893,Carbi + Levo tab USP 25/250mg 100 Tru
41968HF1,40893,Carbi + Levo tab USP 25/250mg 100 Tru
41969HJ1,40894,Carbi + Levo tab USP 25/250mg 500 Tru
41970GB1,40671,Nitroglycerin Sub Tab USP 0.3mg 1x100
41971HC1,40516,Glipizide Tab USP 2.5 mg 30
41971HF1,40867,Glipizide Tab USP 2.5 mg 100 Tru
41971HK1,40517,Glipizide Tab USP 2.5 mg 1000
41972HJ1,40897,Carbi + Levo tab USP 25/100mg 500 Tru
41973HC1,40484,Carbi + Levo tab USP 25/250mg 30
41973HF1,40485,Carbi + Levo tab USP 25/250mg 100
41973HF2,40893,Carbi + Levo tab USP 25/250mg 100 Tru
41973HK1,40486,Carbi + Levo tab USP 25/250mg 1000
41974HF1,40565,Baclofen Tab USP 20mg 100
41975HF1,40565,Baclofen Tab USP 20mg 100
41975HJ1,40727,Baclofen Tab USP 20mg 500
41976HK1,40729,Baclofen Tab USP 20mg 1000
41977HF1,40019,Baclofen Tab USP 20mg 100 TRU
41977HK1,40021,Baclofen Tab USP 20mg 1000 TRU
41978HK1,40021,Baclofen Tab USP 20mg 1000 TRU
41979SI1,40816,Potassium Chl Ora sol 20mEq 50
41980HK1,40702,Tramadol HCl Tab USP 50mg 1000
41981HK1,40702,Tramadol HCl Tab USP 50mg 1000
41982HK1,40702,Tramadol HCl Tab USP 50mg 1000
41983HK1,40702,Tramadol HCl Tab USP 50mg 1000
41984HK1,40702,Tramadol HCl Tab USP 50mg 1000
41985HK1,40702,Tramadol HCl Tab USP 50mg 1000
41986HK1,40702,Tramadol HCl Tab USP 50mg 1000
41987HK1,40702,Tramadol HCl Tab USP 50mg 1000
41988HK1,40702,Tramadol HCl Tab USP 50mg 1000
41989HK1,40702,Tramadol HCl Tab USP 50mg 1000
41990HK1,40702,Tramadol HCl Tab USP 50mg 1000
41991HK1,40706,Sildenafil Tab USP 100mg 1000
41992HK1,40706,Sildenafil Tab USP 100mg 1000
41993HK1,40706,Sildenafil Tab USP 100mg 1000
41994HK1,40706,Sildenafil Tab USP 100mg 1000
41995HF1,40140,Amantadine HCl Cap USP 100mg 100
41996BD1,40225,Loratadine OD Tab USP 10mg 1x10
41996BH1,40224,Loratadine OD Tab USP 10mg 3x10
41997BH1,40224,Loratadine OD Tab USP 10mg 3x10
41998HF1,40500,Pot. Chl ER Tab USP 15mEq 100 AB1
42000HF1,40695,Midodrine HCl Tab USP 5 mg 100
42001HF1,40695,Midodrine HCl Tab USP 5 mg 100
42002HF1,40695,Midodrine HCl Tab USP 5 mg 100
42003HJ1,40618,Carvedilol Tab USP 6.25mg 500
42004HJ1,40618,Carvedilol Tab USP 6.25mg 500
42005HF1,40710,Clonazepam Tab USP 0.5mg 100
42005HK1,40711,Clonazepam Tab USP 0.5mg 1000
42006HK1,40711,Clonazepam Tab USP 0.5mg 1000
42007HF1,40891,Carbi + Levo tab USP 10/100mg 100 Tru
42012HJ1,40595,Baclofen Tab USP 10mg 500
42013HJ1,40595,Baclofen Tab USP 10mg 500
42014HF1,40601,Baclofen Tab USP 5mg 100
42015HF1,40601,Baclofen Tab USP 5mg 100
42016HJ1,40797,Clonazepam Tab USP 1mg 500
42017HJ1,40797,Clonazepam Tab USP 1mg 500
42021SH1,40217,Potassium Chl Ora sol 20mEq 30
42022NA1,40886,Ipratropium Bro. Nasal Spray 0.06% 15 ml
42025HF1,40307,Buspirone HCl Tab USP 5mg 100
42026HF1,40307,Buspirone HCl Tab USP 5mg 100
42027HF1,40307,Buspirone HCl Tab USP 5mg 100
42028HF1,40307,Buspirone HCl Tab USP 5mg 100
42029HF1,40307,Buspirone HCl Tab USP 5mg 100
42030HF1,40307,Buspirone HCl Tab USP 5mg 100
42030HJ1,40308,Buspirone HCl Tab USP 5mg 500
42031HJ1,40308,Buspirone HCl Tab USP 5mg 500
42032HJ1,40308,Buspirone HCl Tab USP 5mg 500
42033HJ1,40308,Buspirone HCl Tab USP 5mg 500
42035NA1,40886,Ipratropium Bro. Nasal Spray 0.06% 15 ml
42036NA1,40886,Ipratropium Bro. Nasal Spray 0.06% 15 ml
42037HJ1,40622,Carvedilol Tab USP 25mg 500
42038HJ1,40622,Carvedilol Tab USP 25mg 500
42039HJ1,40622,Carvedilol Tab USP 25mg 500
42040HF1,40891,Carbi + Levo tab USP 10/100mg 100 Tru
42041HF1,40891,Carbi + Levo tab USP 10/100mg 100 Tru
42041HJ1,40892,Carbi + Levo tab USP 10/100mg 500 Tru
42042HJ1,40012,Cyclobenzaprine HCl Tab USP 10mg 500 TRU
42042HK1,40166,Cyclobenzaprine HCL Tab USP 10mg1000 TRU
42043HK1,40166,Cyclobenzaprine HCL Tab USP 10mg1000 TRU
42044HK1,40166,Cyclobenzaprine HCL Tab USP 10mg1000 TRU
42045HK1,40166,Cyclobenzaprine HCL Tab USP 10mg1000 TRU
42046HK1,40166,Cyclobenzaprine HCL Tab USP 10mg1000 TRU
42047HJ1,40012,Cyclobenzaprine HCl Tab USP 10mg 500 TRU
42047HK1,40166,Cyclobenzaprine HCL Tab USP 10mg1000 TRU
42051HJ1,40622,Carvedilol Tab USP 25mg 500
42052HJ1,40622,Carvedilol Tab USP 25mg 500
42053HF1,40604,Amitriptyline HCl Tab USP 25mg 100
42054HF1,40604,Amitriptyline HCl Tab USP 25mg 100
42054HK1,40605,Amitriptyline HCl Tab USP 25mg 1000
42055HK1,40605,Amitriptyline HCl Tab USP 25mg 1000
42056HJ1,40797,Clonazepam Tab USP 1mg 500
42057HK1,40714,Clonazepam Tab USP 1mg 1000
42058HK1,40714,Clonazepam Tab USP 1mg 1000
42066HC1,41243,Tramadol HCl Tab USP 100mg Unco 30
42066HF1,41244,Tramadol HCl Tab USP 100mg Unco 100
42066HF2,40742,Tramadol HCl Tab USP 100mg 100
42066HJ1,41245,Tramadol HCl Tab USP 100mg Unco 500
42066HK1,41246,Tramadol HCl Tab USP 100mg Unco 1000
42067HC1,40497,Tramadol HCL Tab USP 25mg 30
42067HC2,41232,Tramadol HCl Tab USP 25mg  Unco 30
42067HF1,40498,Tramadol HCL Tab USP 25mg 100
42067HF2,41233,Tramadol HCl Tab USP 25mg  Unco 100
42067HJ1,41234,Tramadol HCl Tab USP 25mg  Unco 500
42067HK1,40499,Tramadol HCL Tab USP 25mg 1000
42067HK2,41235,Tramadol HCl Tab USP 25mg  Unco 1000
42068HJ1,40622,Carvedilol Tab USP 25mg 500
42069HF1,40304,Potassium Chl ER Tab USP 20mEq 100 AB3
42074HK1,41191,Metoprolol Tar Tab USP 50mg 1000UNTS Tru
42075HK1,41069,Metoprolol Tar Tab USP 50mg 1000 UnTS
42077HJ1,40897,Carbi + Levo tab USP 25/100mg 500 Tru
42078HJ1,40897,Carbi + Levo tab USP 25/100mg 500 Tru
42079HJ1,40897,Carbi + Levo tab USP 25/100mg 500 Tru
42080HJ1,40897,Carbi + Levo tab USP 25/100mg 500 Tru
42083HF1,40649,Metolazone Tab USP 2.5mg 100
42084HF1,40649,Metolazone Tab USP 2.5mg 100
42085HF1,40335,Diclofenac Pot Tab USP 50mg 100
42088HF1,40140,Amantadine HCl Cap USP 100mg 100
42089HF1,40140,Amantadine HCl Cap USP 100mg 100
42090HF1,40140,Amantadine HCl Cap USP 100mg 100
42091HF1,40140,Amantadine HCl Cap USP 100mg 100
42092HF1,40604,Amitriptyline HCl Tab USP 25mg 100
42093HF1,40604,Amitriptyline HCl Tab USP 25mg 100
42094HK1,40605,Amitriptyline HCl Tab USP 25mg 1000
42098HF1,40304,Potassium Chl ER Tab USP 20mEq 100 AB3
42099HF1,40304,Potassium Chl ER Tab USP 20mEq 100 AB3
42100HF1,40304,Potassium Chl ER Tab USP 20mEq 100 AB3
42101HF1,40304,Potassium Chl ER Tab USP 20mEq 100 AB3
42102HF1,40710,Clonazepam Tab USP 0.5mg 100
42103HF1,40710,Clonazepam Tab USP 0.5mg 100
42104HF2,40710,Clonazepam Tab USP 0.5mg 100
42105HK1,40605,Amitriptyline HCl Tab USP 25mg 1000
42106HK1,40605,Amitriptyline HCl Tab USP 25mg 1000
42107HF1,40604,Amitriptyline HCl Tab USP 25mg 100
42108HK1,40605,Amitriptyline HCl Tab USP 25mg 1000
42109HF1,40600,Amitriptyline HCl Tab USP 10mg 100
42110HF1,40600,Amitriptyline HCl Tab USP 10mg 100
42111HK1,40603,Amitriptyline HCl Tab USP 10mg 1000
42112HK1,40603,Amitriptyline HCl Tab USP 10mg 1000
42113HK1,40603,Amitriptyline HCl Tab USP 10mg 1000
42114HK1,40603,Amitriptyline HCl Tab USP 10mg 1000
42115HK1,40603,Amitriptyline HCl Tab USP 10mg 1000
42116HF1,41193,Metoprolol Tar Tab USP 100mg 100UNTS Tru
42116HK1,41074,Metoprolol Tar Tab USP 100mg 1000UnTS
42117HF1,41072,Metoprolol Tar Tab USP 100mg 100 UnTS
42117HK1,41074,Metoprolol Tar Tab USP 100mg 1000UnTS
42118HK1,41194,Metoprolol Tar Tab USP100mg 1000UNTS Tru
42119HK1,41194,Metoprolol Tar Tab USP100mg 1000UNTS Tru
42120HK1,41194,Metoprolol Tar Tab USP100mg 1000UNTS Tru
42121HF1,40606,Amitriptyline HCl Tab USP 50mg 100
42122HF1,40606,Amitriptyline HCl Tab USP 50mg 100
42123HK1,40607,Amitriptyline HCl Tab USP 50mg 1000
42124HK1,40607,Amitriptyline HCl Tab USP 50mg 1000
42125HF1,40606,Amitriptyline HCl Tab USP 50mg 100
42126HK1,40607,Amitriptyline HCl Tab USP 50mg 1000
42127HK1,40607,Amitriptyline HCl Tab USP 50mg 1000
42128HF1,40565,Baclofen Tab USP 20mg 100
42129HF1,40565,Baclofen Tab USP 20mg 100
42130HF1,40565,Baclofen Tab USP 20mg 100
42130HK1,40729,Baclofen Tab USP 20mg 1000
42131HF1,40140,Amantadine HCl Cap USP 100mg 100
42132HF1,40140,Amantadine HCl Cap USP 100mg 100
42133HF1,40140,Amantadine HCl Cap USP 100mg 100
42134HK1,40711,Clonazepam Tab USP 0.5mg 1000
42135HF1,41168,Clonazepam Tab USP 0.5mg 100 NOR
42135HJ1,41169,Clonazepam Tab USP 0.5mg 500 NOR
42136HJ1,41169,Clonazepam Tab USP 0.5mg 500 NOR
42146HF1,40601,Baclofen Tab USP 5mg 100
42147HF1,40440,Isosorbide Dinitrate Tab USP 5mg 100
42148HC1,40974,Diclofenac Pot Tab USP 25 mg 30 Tri
42148HC2,40974,Diclofenac Pot Tab USP 25 mg 30 Tri
42148HD1,41026,Diclofenac Pot Tab USP 25 mg 60 Tri
42149HJ1,40897,Carbi + Levo tab USP 25/100mg 500 Tru
42150HJ1,40897,Carbi + Levo tab USP 25/100mg 500 Tru
42151HJ1,40897,Carbi + Levo tab USP 25/100mg 500 Tru
42152HF2,40617,Carvedilol Tab USP 6.25mg 100
42152HJ1,40618,Carvedilol Tab USP 6.25mg 500
42153HJ1,40618,Carvedilol Tab USP 6.25mg 500
42154HJ1,40618,Carvedilol Tab USP 6.25mg 500
42155HJ1,40618,Carvedilol Tab USP 6.25mg 500
42156HF1,41173,Clonazepam Tab USP 2mg 100 NOR
42156HJ1,40798,Clonazepam Tab USP 2mg 500
42156HJ2,41174,Clonazepam Tab USP 2mg 500 NOR
42157HF1,40608,Amitriptyline HCl Tab USP 75mg 100
42158HF1,40608,Amitriptyline HCl Tab USP 75mg 100
42159HF1,40608,Amitriptyline HCl Tab USP 75mg 100
42160HF1,40608,Amitriptyline HCl Tab USP 75mg 100
42161HF1,40608,Amitriptyline HCl Tab USP 75mg 100
42162HF1,40608,Amitriptyline HCl Tab USP 75mg 100
42163HF1,40608,Amitriptyline HCl Tab USP 75mg 100
42164BD1,40505,Nico pol Mini Loz 2mg 1x10 Mint Bounce
42164BF1,40978,SKIIP Mini Loz 2 mg Mint 2x10 Wel KSA
42165HF1,41207,Meto Tar Tab USP 25 mg MOLT 100UNTS
42165HK1,41209,Meto Tar Tab USP 25 mg MOLT 1000UNTS
42166HF1,41207,Meto Tar Tab USP 25 mg MOLT 100UNTS
42166HK1,41209,Meto Tar Tab USP 25 mg MOLT 1000UNTS
42167HF1,41210,Meto Tar Tab USP 100 mg MOLT 100UNTS
42167HK1,41212,Meto Tar Tab USP 100 mg MOLT 1000UNTS
42168HF1,41210,Meto Tar Tab USP 100 mg MOLT 100UNTS
42168HK1,41212,Meto Tar Tab USP 100 mg MOLT 1000UNTS
42169HF1,41064,Metoprolol Tar Tab USP 25mg 100 UnTS
42169HK1,41065,Metoprolol Tar Tab USP 25mg 1000 UnTS
42170HK1,41069,Metoprolol Tar Tab USP 50mg 1000 UnTS
42171HK1,41069,Metoprolol Tar Tab USP 50mg 1000 UnTS
42172HK1,41069,Metoprolol Tar Tab USP 50mg 1000 UnTS
42173NB1,41219,Nalmefene Nasal Spray 2.7 mg
42174HC1,41203,Meto Tar Tab USP 12.5mg MTLT 30
42174HK1,41206,Meto Tar Tab USP 12.5mg MTLT 1000
42175HC1,41203,Meto Tar Tab USP 12.5mg MTLT 30
42175HK1,41206,Meto Tar Tab USP 12.5mg MTLT 1000
42176HK1,41074,Metoprolol Tar Tab USP 100mg 1000UnTS
42177HK1,41074,Metoprolol Tar Tab USP 100mg 1000UnTS
42178HK1,41074,Metoprolol Tar Tab USP 100mg 1000UnTS
42180HK1,41074,Metoprolol Tar Tab USP 100mg 1000UnTS
42184HF1,40472,Carbi + Levo ER Tab USP 25/100mg 100
42185HF1,40472,Carbi + Levo ER Tab USP 25/100mg 100
42186HF1,40472,Carbi + Levo ER Tab USP 25/100mg 100
42187HF1,40609,Amitriptyline HCl Tab USP 100mg 100
42188HF1,40609,Amitriptyline HCl Tab USP 100mg 100
42189HF1,40609,Amitriptyline HCl Tab USP 100mg 100
42190HF1,40600,Amitriptyline HCl Tab USP 10mg 100
42191HK1,40603,Amitriptyline HCl Tab USP 10mg 1000
42192HK1,40603,Amitriptyline HCl Tab USP 10mg 1000
42193HF1,40613,Amitriptyline HCl Tab USP 150mg 100
42194HF1,40613,Amitriptyline HCl Tab USP 150mg 100
42195HF1,40613,Amitriptyline HCl Tab USP 150mg 100
42196HF1,40884,Primidone Tab USP 125mg 100 Tru
42197HF1,40884,Primidone Tab USP 125mg 100 Tru
42198HF1,40884,Primidone Tab USP 125mg 100 Tru
42199HF1,40884,Primidone Tab USP 125mg 100 Tru
42200HC1,41255,Clonazepam Tab USP 0.25mg 30
42200HJ1,41257,Clonazepam Tab USP 0.25mg 500
42200HK1,41258,Clonazepam Tab USP 0.25mg 1000
42201HC1,41255,Clonazepam Tab USP 0.25mg 30
42201HJ1,41257,Clonazepam Tab USP 0.25mg 500
42201HK1,41258,Clonazepam Tab USP 0.25mg 1000
42202HC1,41255,Clonazepam Tab USP 0.25mg 30
42202HJ1,41257,Clonazepam Tab USP 0.25mg 500
42202HK1,41258,Clonazepam Tab USP 0.25mg 1000
42203HK1,40729,Baclofen Tab USP 20mg 1000
42204HK1,40021,Baclofen Tab USP 20mg 1000 TRU
42205HF1,40019,Baclofen Tab USP 20mg 100 TRU
42206HC1,40774,Tranexamic Acid Tab USP 650 mg 30
42207HC1,40774,Tranexamic Acid Tab USP 650 mg 30
42208HC1,40774,Tranexamic Acid Tab USP 650 mg 30
42209HF1,40140,Amantadine HCl Cap USP 100mg 100
42210HF1,40140,Amantadine HCl Cap USP 100mg 100
42211HK1,40453,Potassium Chl ER Tab USP 10mEq 1000 AB3
42212HK1,40453,Potassium Chl ER Tab USP 10mEq 1000 AB3
42224HC1,40293,Amiodarone HCl Tab USP 400mg 30
42225HC1,40293,Amiodarone HCl Tab USP 400mg 30
42226HK1,40665,Carvedilol Tab USP 3.125mg 1000
42227HK1,40665,Carvedilol Tab USP 3.125mg 1000
50001NB1,41219,Nalmefene Nasal Spray 2.7 mg
50005HJ1,41062,Metoprolol Tar Tab USP 25mg 500 UnTS
50006NB1,41219,Nalmefene Nasal Spray 2.7 mg
50007HJ1,40620,Carvedilol Tab USP 12.5mg 500
50008HJ1,40620,Carvedilol Tab USP 12.5mg 500
50009HJ1,40620,Carvedilol Tab USP 12.5mg 500
50009HK1,40666,Carvedilol Tab USP 12.5mg 1000
50010HK1,40666,Carvedilol Tab USP 12.5mg 1000
50011HK1,40666,Carvedilol Tab USP 12.5mg 1000
50012HF1,40896,Carbi + Levo tab USP 25/100mg 100 Tru
50013HF1,40896,Carbi + Levo tab USP 25/100mg 100 Tru
50014HD1,40316,Buspirone HCl Tab USP 30mg 60
50015HD1,40316,Buspirone HCl Tab USP 30mg 60
50016HK1,40664,Carvedilol Tab USP 6.25mg 1000
50017HK1,40664,Carvedilol Tab USP 6.25mg 1000
50018HJ1,40815,Potassium Chl ER Tab USP 10mEq 500 AB3
50019HJ1,40452,Potassium Chl ER Tab USP 20mEq 500 AB3
50022GA1,40686,Nitroglycerin Sub Tab USP 0.4mg 4X25
50023GA1,40686,Nitroglycerin Sub Tab USP 0.4mg 4X25
50024GA1,40686,Nitroglycerin Sub Tab USP 0.4mg 4X25
50025GA1,40686,Nitroglycerin Sub Tab USP 0.4mg 4X25
50026GA1,40686,Nitroglycerin Sub Tab USP 0.4mg 4X25
50027HF1,40309,Buspirone HCl Tab USP 10mg 100
50028HF1,40309,Buspirone HCl Tab USP 10mg 100
50029HF1,40309,Buspirone HCl Tab USP 10mg 100
50030HF1,40309,Buspirone HCl Tab USP 10mg 100
50031HF1,40309,Buspirone HCl Tab USP 10mg 100
50031HJ1,40310,Buspirone HCl Tab USP 10mg 500
50032HC2,40830,Buprenorphine SL Tab 8mg 30
50033HC2,40830,Buprenorphine SL Tab 8mg 30
50034HF1,40335,Diclofenac Pot Tab USP 50mg 100
50035HF1,40615,Carvedilol Tab USP 3.125mg 100
50035HJ1,40616,Carvedilol Tab USP 3.125mg 500
50036HJ1,40730,Amantadine HCl Cap USP 100mg 500
50037HD1,40311,Buspirone HCl Tab USP 15mg 60
50037HJ1,40313,Buspirone HCl Tab USP 15mg 500
50038HF1,40623,Primidone Tab USP 50mg 100
50039HF1,40623,Primidone Tab USP 50mg 100
50040HF1,40606,Amitriptyline HCl Tab USP 50mg 100
50041HF1,40606,Amitriptyline HCl Tab USP 50mg 100
50042HF1,40606,Amitriptyline HCl Tab USP 50mg 100
50043HF1,40608,Amitriptyline HCl Tab USP 75mg 100
50044HF1,40608,Amitriptyline HCl Tab USP 75mg 100
50045HF1,40608,Amitriptyline HCl Tab USP 75mg 100
50049HF1,40884,Primidone Tab USP 125mg 100 Tru
50054HC1,41052,Methylphenidate HCL ER Chew Tab 40mg 30
50054HF1,41053,Methylphenidate HCL ER Chew Tab 40mg 100
50056HC1,40669,Desvenlafaxine ER Tab 100 mg 30
50057HC1,40669,Desvenlafaxine ER Tab 100 mg 30
50058HC1,40669,Desvenlafaxine ER Tab 100 mg 30
50059HC1,40669,Desvenlafaxine ER Tab 100 mg 30
50060HC1,40669,Desvenlafaxine ER Tab 100 mg 30
50061HJ2,40622,Carvedilol Tab USP 25mg 500
50062HJ1,40622,Carvedilol Tab USP 25mg 500
50063HJ1,40622,Carvedilol Tab USP 25mg 500
50064HJ1,40622,Carvedilol Tab USP 25mg 500
50065HH1,40162,Tizanidine HCl Cap 4mg 150
50066HJ1,40675,Labetalol HCl Tab USP 100mg 500
50067HF1,40674,Labetalol HCl Tab USP 100mg 100
50067HJ1,40675,Labetalol HCl Tab USP 100mg 500
50068GB1,40673,Nitroglycerin Sub Tab USP 0.6mg 1X100
50069HK1,40898,Carbi + Levo tab USP 25/100mg 1000 Tru
50070HK1,40898,Carbi + Levo tab USP 25/100mg 1000 Tru
50071HK1,41065,Metoprolol Tar Tab USP 25mg 1000 UnTS
50072HK1,41065,Metoprolol Tar Tab USP 25mg 1000 UnTS
50073HJ1,41062,Metoprolol Tar Tab USP 25mg 500 UnTS
50074HF1,40710,Clonazepam Tab USP 0.5mg 100
50076HF1,40304,Potassium Chl ER Tab USP 20mEq 100 AB3
50077HF1,40304,Potassium Chl ER Tab USP 20mEq 100 AB3
50078HF1,40304,Potassium Chl ER Tab USP 20mEq 100 AB3
50079HF1,40304,Potassium Chl ER Tab USP 20mEq 100 AB3
50085HF1,40695,Midodrine HCl Tab USP 5 mg 100
50086HF1,40695,Midodrine HCl Tab USP 5 mg 100
50087HF1,40695,Midodrine HCl Tab USP 5 mg 100
50088HK1,41069,Metoprolol Tar Tab USP 50mg 1000 UnTS
50089HK1,41069,Metoprolol Tar Tab USP 50mg 1000 UnTS
50090HK1,41069,Metoprolol Tar Tab USP 50mg 1000 UnTS
50091HK1,41191,Metoprolol Tar Tab USP 50mg 1000UNTS Tru
50092HF1,40592,Baclofen Tab USP 10mg 100
50093HF1,40592,Baclofen Tab USP 10mg 100
50094HF1,40592,Baclofen Tab USP 10mg 100
50095HF1,40592,Baclofen Tab USP 10mg 100
50096HF1,41193,Metoprolol Tar Tab USP 100mg 100UNTS Tru
50097HK1,41074,Metoprolol Tar Tab USP 100mg 1000UnTS
50098HK1,41074,Metoprolol Tar Tab USP 100mg 1000UnTS
50099HK1,41074,Metoprolol Tar Tab USP 100mg 1000UnTS
50100HD1,40294,Amiodarone HCl Tab USP 200mg 60
50100HJ1,40295,Amiodarone HCl Tab USP 200mg 500
50101HC1,40028,Sapropterin DiHCl Tab 100mg 30 DIP KOR
50102HJ1,40703,Sildenafil Tab USP 25mg 500
50103NB1,41296,Epinephrine Nasal Spray 2mg
50104NB1,41296,Epinephrine Nasal Spray 2mg
50105NB1,41296,Epinephrine Nasal Spray 2mg
50106HK1,40898,Carbi + Levo tab USP 25/100mg 1000 Tru
50107HK1,40702,Tramadol HCl Tab USP 50mg 1000
50108HK1,40702,Tramadol HCl Tab USP 50mg 1000
50109HK1,40702,Tramadol HCl Tab USP 50mg 1000
50112HF1,40880,Guanfacine Tab USP 1mg 100
50113HF1,40893,Carbi + Levo tab USP 25/250mg 100 Tru
50118HK1,41074,Metoprolol Tar Tab USP 100mg 1000UnTS
50118HK2,41194,Metoprolol Tar Tab USP100mg 1000UNTS Tru
50119HJ1,40595,Baclofen Tab USP 10mg 500
50120HJ1,40595,Baclofen Tab USP 10mg 500
50121HF1,40304,Potassium Chl ER Tab USP 20mEq 100 AB3
50125HF1,40601,Baclofen Tab USP 5mg 100
50126HF1,40442,Isosorbide Dinitrate Tab USP 10mg 100
50126HF2,40442,Isosorbide Dinitrate Tab USP 10mg 100
50127HF1,40442,Isosorbide Dinitrate Tab USP 10mg 100
50128HF1,40442,Isosorbide Dinitrate Tab USP 10mg 100
50129HF1,40215,Isosorbide Dinitrate Tab USP 30mg 100
50130HF1,40215,Isosorbide Dinitrate Tab USP 30mg 100
50131HF1,40215,Isosorbide Dinitrate Tab USP 30mg 100
50132,30098,Cor  Nicotine  Pol Mini Loz 2mg Cherry
50133,30088,Cor Nicotine Pol Loz 4mg Mint
50134,30086,Cor Nicotine Pol Loz 2mg Mint
50135HF1,40700,Tramadol HCl Tab USP 50mg 100
50136HK1,40702,Tramadol HCl Tab USP 50mg 1000
50137HJ1,40622,Carvedilol Tab USP 25mg 500
50138HJ1,40622,Carvedilol Tab USP 25mg 500
50139HF1,40621,Carvedilol Tab USP 25mg 100
50139HJ1,40622,Carvedilol Tab USP 25mg 500
50140,30106,Cor  Nicotine  Pol Mini Loz 2mg Cinnamon
50141BI1,41155,Ivermectin Tab USP 6mg 2x10
50142BI1,41155,Ivermectin Tab USP 6mg 2x10
50143BI1,41155,Ivermectin Tab USP 6mg 2x10
50144BI1,41156,IVERMECTIN TAB USP 3MG 2X10
50145BI1,41156,IVERMECTIN TAB USP 3MG 2X10
50146BI1,41156,IVERMECTIN TAB USP 3MG 2X10
50147HK1,40702,Tramadol HCl Tab USP 50mg 1000
50148HK1,40702,Tramadol HCl Tab USP 50mg 1000
50149HK1,40702,Tramadol HCl Tab USP 50mg 1000
50150,30086,Cor Nicotine Pol Loz 2mg Mint
50151HK1,40702,Tramadol HCl Tab USP 50mg 1000
50152HK1,40702,Tramadol HCl Tab USP 50mg 1000
50155BD1,40505,Nico pol Mini Loz 2mg 1x10 Mint Bounce
50156HK1,41188,Metoprolol Tar Tab USP 25mg 1000UNTS Tru
50157HK1,41188,Metoprolol Tar Tab USP 25mg 1000UNTS Tru
50158HK1,41194,Metoprolol Tar Tab USP100mg 1000UNTS Tru
50160HK1,40726,Baclofen Tab USP 10mg 1000
50161HF1,41251,Baclofen Tab USP 10mg 100 SOL
50161HK1,40726,Baclofen Tab USP 10mg 1000
50162HK1,40018,Baclofen Tab USP 10mg 1000 TRU
50163HK1,40018,Baclofen Tab USP 10mg 1000 TRU
50164HF1,40444,Isosorbide Dinitrate Tab USP 20mg 100
50165HF1,40444,Isosorbide Dinitrate Tab USP 20mg 100
50166HF1,40444,Isosorbide Dinitrate Tab USP 20mg 100
50166HK1,40445,Isosorbide Dinitrate Tab USP 20mg 1000
50167HJ1,40797,Clonazepam Tab USP 1mg 500
50168HJ1,40797,Clonazepam Tab USP 1mg 500
50169HF1,41131,Baclofen Tab USP 15mg 100 Tru
50170SH1,40217,Potassium Chl Ora sol 20mEq 30
50171SH1,40217,Potassium Chl Ora sol 20mEq 30
50173GB1,40671,Nitroglycerin Sub Tab USP 0.3mg 1x100
50174GA1,40686,Nitroglycerin Sub Tab USP 0.4mg 4X25
50175HC1,41259,Buprenorphine SL Tab 4mg 30
50175HE1,41260,Buprenorphine SL Tab 4mg 90
50176HC1,41259,Buprenorphine SL Tab 4mg 30
50176HE1,41260,Buprenorphine SL Tab 4mg 90
50177HC1,41259,Buprenorphine SL Tab 4mg 30
50177HE1,41260,Buprenorphine SL Tab 4mg 90
50178HC1,41261,Buprenorphine SL Tab 12mg 30
50178HE1,41262,Buprenorphine SL Tab 12mg 90
50179HC1,41261,Buprenorphine SL Tab 12mg 30
50179HE1,41262,Buprenorphine SL Tab 12mg 90
50180HC1,41261,Buprenorphine SL Tab 12mg 30
50180HE1,41262,Buprenorphine SL Tab 12mg 90
50184HF1,40609,Amitriptyline HCl Tab USP 100mg 100
50185HF1,40609,Amitriptyline HCl Tab USP 100mg 100
50186HF1,40609,Amitriptyline HCl Tab USP 100mg 100
50187HC1,40292,Amiodarone HCl Tab USP 100mg 30
50188HF1,40867,Glipizide Tab USP 2.5 mg 100 Tru
50189HF1,40867,Glipizide Tab USP 2.5 mg 100 Tru
50190HF1,40867,Glipizide Tab USP 2.5 mg 100 Tru
50191HF1,41227,Benazepril HCl & HCTZ Tab 10/12.5mg 100
50191HF2,41227,Benazepril HCl & HCTZ Tab 10/12.5mg 100
50191HF3,41198,Lotensin HCT 10/12.5mg 100
50192HF1,41229,Benazepril HCl & HCTZ Tab 20/12.5mg 100
50192HF2,41229,Benazepril HCl & HCTZ Tab 20/12.5mg 100
50198HF1,41231,Benazepril HCl & HCTZ Tab 20/25mg 100
50198HF2,41231,Benazepril HCl & HCTZ Tab 20/25mg 100
50199HK1,41188,Metoprolol Tar Tab USP 25mg 1000UNTS Tru
50200HK1,41188,Metoprolol Tar Tab USP 25mg 1000UNTS Tru
50201HF1,41064,Metoprolol Tar Tab USP 25mg 100 UnTS
50201HK1,41065,Metoprolol Tar Tab USP 25mg 1000 UnTS
50202HK1,41191,Metoprolol Tar Tab USP 50mg 1000UNTS Tru
50203HK1,41069,Metoprolol Tar Tab USP 50mg 1000 UnTS
50205HF1,40593,Potassium Chl ER Tab 15mEq 100 AB3
50206HF1,40304,Potassium Chl ER Tab USP 20mEq 100 AB3
50207HF1,40304,Potassium Chl ER Tab USP 20mEq 100 AB3
50208HF1,40304,Potassium Chl ER Tab USP 20mEq 100 AB3
50209HF1,40304,Potassium Chl ER Tab USP 20mEq 100 AB3
50211HF1,40613,Amitriptyline HCl Tab USP 150mg 100
50212HF1,40613,Amitriptyline HCl Tab USP 150mg 100
50213HF1,40613,Amitriptyline HCl Tab USP 150mg 100
50217HJ1,40797,Clonazepam Tab USP 1mg 500
50218HF1,41170,Clonazepam Tab USP 1mg 100 NOR
50219HF1,41170,Clonazepam Tab USP 1mg 100 NOR
50219HK1,41172,Clonazepam Tab USP 1mg 1000 NOR
50220HJ1,41171,Clonazepam Tab USP 1mg 500 NOR
50221HF1,40700,Tramadol HCl Tab USP 50mg 100
50222HF1,40700,Tramadol HCl Tab USP 50mg 100
50224HC1,40669,Desvenlafaxine ER Tab 100 mg 30
50225HC1,40669,Desvenlafaxine ER Tab 100 mg 30
50226HC1,40669,Desvenlafaxine ER Tab 100 mg 30
50227HC1,40669,Desvenlafaxine ER Tab 100 mg 30
50228HC1,40669,Desvenlafaxine ER Tab 100 mg 30
50229NA1,40887,Ipratropium Bro. Nasal Spray 0.03% 30 ml
50230NA1,40887,Ipratropium Bro. Nasal Spray 0.03% 30 ml
50231NA1,40887,Ipratropium Bro. Nasal Spray 0.03% 30 ml
50232HF1,40621,Carvedilol Tab USP 25mg 100
50232HJ1,40622,Carvedilol Tab USP 25mg 500
50233HJ1,40622,Carvedilol Tab USP 25mg 500
50234HC1,40774,Tranexamic Acid Tab USP 650 mg 30
50235HF1,40148,Midodrine HCl Tab USP 2.5mg 100 TRU
50235HF2,40694,Midodrine HCl Tab USP 2.5mg 100
50237HF1,40047,Metoprolol Tar Tab USP 75mg 100 TRU
50238HF1,40149,Midodrine HCl Tab USP 5mg 100 TRU
50238HF2,40695,Midodrine HCl Tab USP 5 mg 100
50239HC1,40974,Diclofenac Pot Tab USP 25 mg 30 Tri
50240HJ1,40796,Clonazepam Tab USP 0.5mg 500
50240HK1,40711,Clonazepam Tab USP 0.5mg 1000
50246GB1,40671,Nitroglycerin Sub Tab USP 0.3mg 1x100
50247HJ1,40797,Clonazepam Tab USP 1mg 500
50248HJ1,40797,Clonazepam Tab USP 1mg 500
50251HF1,40680,Acetazolamide Tab USP 125mg 100
50252HF1,40680,Acetazolamide Tab USP 125mg 100
50253HF1,40463,Triamterene & HCTZ Tab USP 75/50mg 100
50254HJ1,40620,Carvedilol Tab USP 12.5mg 500
50255HK1,40666,Carvedilol Tab USP 12.5mg 1000
50256HF1,40446,Isosorbide Dinitrate Tab USP 40mg 100
50257HF1,40446,Isosorbide Dinitrate Tab USP 40mg 100
50258HF1,40446,Isosorbide Dinitrate Tab USP 40mg 100
50259SH1,40217,Potassium Chl Ora sol 20mEq 30
50260SH1,40217,Potassium Chl Ora sol 20mEq 30
50261SH1,40217,Potassium Chl Ora sol 20mEq 30
50262SJ1,40218,Potassium Chl Ora sol 20mEq 100
50264HF1,40650,Metolazone Tab USP 5mg 100
50265HF1,40650,Metolazone Tab USP 5mg 100
50266HF1,40650,Metolazone Tab USP 5mg 100
50267HF1,40650,Metolazone Tab USP 5mg 100
50268HF1,41177,Cyclobenzaprine HCl Tab USP 7.5mg100 NOR
50269HF1,41183,Cyclobenzaprine HCl Tab USP 5mg 100 NOR
50270HK1,41188,Metoprolol Tar Tab USP 25mg 1000UNTS Tru
50271HK1,41188,Metoprolol Tar Tab USP 25mg 1000UNTS Tru
50272HK1,41188,Metoprolol Tar Tab USP 25mg 1000UNTS Tru
50273HK1,41069,Metoprolol Tar Tab USP 50mg 1000 UnTS
50274HF1,40651,Metolazone Tab USP 10mg 100
50275,30154,Cor  Pregabalin ER Tab 82.5mg
50276HC1,40143,Pregabalin ER tab 165mg 30
50278HF1,40475,Carbi + Levo ER Tab USP 50/200mg 100
50279HF1,40475,Carbi + Levo ER Tab USP 50/200mg 100
50280HF1,40475,Carbi + Levo ER Tab USP 50/200mg 100
50281HF1,40682,Acetazolamide Tab USP 250mg 100
50282HF1,40682,Acetazolamide Tab USP 250mg 100
50283HK1,40664,Carvedilol Tab USP 6.25mg 1000
50284HF1,40444,Isosorbide Dinitrate Tab USP 20mg 100
50284HF2,40444,Isosorbide Dinitrate Tab USP 20mg 100
50285HF1,40444,Isosorbide Dinitrate Tab USP 20mg 100
50286HK1,40445,Isosorbide Dinitrate Tab USP 20mg 1000
50287HC1,40830,Buprenorphine SL Tab 8mg 30
50288HK1,40453,Potassium Chl ER Tab USP 10mEq 1000 AB3
50289HF1,40312,Buspirone HCl Tab USP 15mg 100
50290HF1,40312,Buspirone HCl Tab USP 15mg 100
50291HD1,40316,Buspirone HCl Tab USP 30mg 60
50298HF1,40865,Loperamide HCL Cap USP 2mg 100
50299HF1,40865,Loperamide HCL Cap USP 2mg 100
50300HF1,40865,Loperamide HCL Cap USP 2mg 100
50301HF1,40865,Loperamide HCL Cap USP 2mg 100
50302HF1,40865,Loperamide HCL Cap USP 2mg 100
50303HF1,40865,Loperamide HCL Cap USP 2mg 100
50304HF1,40865,Loperamide HCL Cap USP 2mg 100
50305HF1,40865,Loperamide HCL Cap USP 2mg 100
50306HF1,40896,Carbi + Levo tab USP 25/100mg 100 Tru
50307HF1,40896,Carbi + Levo tab USP 25/100mg 100 Tru
50308HF1,40896,Carbi + Levo tab USP 25/100mg 100 Tru
50309HJ1,40897,Carbi + Levo tab USP 25/100mg 500 Tru
50309HK1,40898,Carbi + Levo tab USP 25/100mg 1000 Tru
50314HK1,41069,Metoprolol Tar Tab USP 50mg 1000 UnTS
50315HK1,41191,Metoprolol Tar Tab USP 50mg 1000UNTS Tru
50316HK1,41191,Metoprolol Tar Tab USP 50mg 1000UNTS Tru
50317HK1,41191,Metoprolol Tar Tab USP 50mg 1000UNTS Tru
50318HF1,40304,Potassium Chl ER Tab USP 20mEq 100 AB3
50319HF1,40304,Potassium Chl ER Tab USP 20mEq 100 AB3
50321HK1,40726,Baclofen Tab USP 10mg 1000
50322HK1,40726,Baclofen Tab USP 10mg 1000
50323HF1,40016,Baclofen Tab USP 10mg 100 TRU
50324HK1,40018,Baclofen Tab USP 10mg 1000 TRU
50325HF1,40019,Baclofen Tab USP 20mg 100 TRU
50325HF2,40565,Baclofen Tab USP 20mg 100
50326HK1,40729,Baclofen Tab USP 20mg 1000
50327HD1,40294,Amiodarone HCl Tab USP 200mg 60
50328HF1,41178,Cyclobenzaprine HCl Tab USP 10mg 100 NOR
50328HJ1,41179,Cyclobenzaprine HCl Tab USP 10mg 500 NOR
50329HK1,41180,Cyclobenzaprine HCL Tab USP 10mg1000 NOR
50330HJ1,40797,Clonazepam Tab USP 1mg 500
50331HJ1,40797,Clonazepam Tab USP 1mg 500
50332HJ1,40797,Clonazepam Tab USP 1mg 500
50333HC1,41054,Methylphenidate HCL ER Chew Tab 20mg 30
50333HF1,41055,Methylphenidate HCL ER Chew Tab 20mg 100
50334HC1,41054,Methylphenidate HCL ER Chew Tab 20mg 30
50334HF1,41055,Methylphenidate HCL ER Chew Tab 20mg 100
50335HC1,41054,Methylphenidate HCL ER Chew Tab 20mg 30
50335HF1,41055,Methylphenidate HCL ER Chew Tab 20mg 100
50348HC1,40692,Desvenlafaxine ER Tab 50 mg 30
50349HK1,40607,Amitriptyline HCl Tab USP 50mg 1000
50350HK1,40607,Amitriptyline HCl Tab USP 50mg 1000
50351HK1,40607,Amitriptyline HCl Tab USP 50mg 1000
50355HK1,41074,Metoprolol Tar Tab USP 100mg 1000UnTS
50356HK1,41074,Metoprolol Tar Tab USP 100mg 1000UnTS
50357HK1,41194,Metoprolol Tar Tab USP100mg 1000UNTS Tru
50358,30100,Cor  Nicotine  Pol Mini Loz 4mg Cherry
50359HJ1,40677,Labetalol HCl Tab USP 200mg 500
50360HJ1,40677,Labetalol HCl Tab USP 200mg 500
50361HJ1,41175,Cyclobenzaprine HCl Tab USP 5mg 500 NOR
50362HF1,40696,Midodrine HCl Tab USP 10mg 100
50363HF1,40696,Midodrine HCl Tab USP 10mg 100
50364HJ1,40897,Carbi + Levo tab USP 25/100mg 500 Tru
50368HK1,41188,Metoprolol Tar Tab USP 25mg 1000UNTS Tru
50369HK1,41188,Metoprolol Tar Tab USP 25mg 1000UNTS Tru
50370HK1,41188,Metoprolol Tar Tab USP 25mg 1000UNTS Tru
50371HJ1,40908,Glipizide Tab USP 10mg 500
50372HC1,40293,Amiodarone HCl Tab USP 400mg 30
50375HF1,40649,Metolazone Tab USP 2.5mg 100
50376HF1,40649,Metolazone Tab USP 2.5mg 100
50377HF1,40649,Metolazone Tab USP 2.5mg 100
50378HF1,40649,Metolazone Tab USP 2.5mg 100
50379,30088,Cor Nicotine Pol Loz 4mg Mint
50380,30088,Cor Nicotine Pol Loz 4mg Mint
50381HF1,40304,Potassium Chl ER Tab USP 20mEq 100 AB3
50382HF1,40304,Potassium Chl ER Tab USP 20mEq 100 AB3
50383HF1,40304,Potassium Chl ER Tab USP 20mEq 100 AB3
50384HF1,40893,Carbi + Levo tab USP 25/250mg 100 Tru
50385NB1,40936,Naloxone Hcl Nasal Spray4mg/spray 125µml
50385NB2,40936,Naloxone Hcl Nasal Spray4mg/spray 125µml
50385NB3,40936,Naloxone Hcl Nasal Spray4mg/spray 125µml
50385NB4,40936,Naloxone Hcl Nasal Spray4mg/spray 125µml
50386HF1,40045,Metoprolol Tar Tab USP 37.5mg 100 TRU
50387GA1,40686,Nitroglycerin Sub Tab USP 0.4mg 4X25
50388GA1,40686,Nitroglycerin Sub Tab USP 0.4mg 4X25
50389GB1,40672,Nitroglycerin Sub Tab USP 0.4mg 1X100
50390HJ1,40616,Carvedilol Tab USP 3.125mg 500
50391HJ1,40616,Carvedilol Tab USP 3.125mg 500
50391HK1,40665,Carvedilol Tab USP 3.125mg 1000
50392HK1,40018,Baclofen Tab USP 10mg 1000 TRU
50393HK1,40018,Baclofen Tab USP 10mg 1000 TRU
50396HK1,41188,Metoprolol Tar Tab USP 25mg 1000UNTS Tru
50397HK1,41065,Metoprolol Tar Tab USP 25mg 1000 UnTS
50398HK1,40525,Glipizide Tab USP 10mg 1000
50399HJ1,40796,Clonazepam Tab USP 0.5mg 500
50400HJ1,40796,Clonazepam Tab USP 0.5mg 500
50401HJ1,40796,Clonazepam Tab USP 0.5mg 500
50402HJ1,40796,Clonazepam Tab USP 0.5mg 500
50403HJ1,40796,Clonazepam Tab USP 0.5mg 500
50404HJ1,40796,Clonazepam Tab USP 0.5mg 500
50406HC1,40497,Tramadol HCL Tab USP 25mg 30
50407HF1,40601,Baclofen Tab USP 5mg 100
50408HF1,40601,Baclofen Tab USP 5mg 100
50409HF1,40601,Baclofen Tab USP 5mg 100
50411HC1,41285,Lasix (furosemide) Tab 80mg 30
50411HJ1,41286,Lasix (furosemide) Tab 80mg 500
50412HF1,40212,Bumetanide Tab USP 0.5mg 100
50413HF1,40864,Cevimeline HCl Cap 30mg 100
50414HF1,40864,Cevimeline HCl Cap 30mg 100
50415HF1,40304,Potassium Chl ER Tab USP 20mEq 100 AB3
50416HF1,40304,Potassium Chl ER Tab USP 20mEq 100 AB3
50417HF1,40304,Potassium Chl ER Tab USP 20mEq 100 AB3
50421HK1,40729,Baclofen Tab USP 20mg 1000
50428HK1,41194,Metoprolol Tar Tab USP100mg 1000UNTS Tru
50429HK1,41194,Metoprolol Tar Tab USP100mg 1000UNTS Tru
50430HK1,41194,Metoprolol Tar Tab USP100mg 1000UNTS Tru
50431HK1,41069,Metoprolol Tar Tab USP 50mg 1000 UnTS
50432HK1,41069,Metoprolol Tar Tab USP 50mg 1000 UnTS
50433HK1,41069,Metoprolol Tar Tab USP 50mg 1000 UnTS
50438HF1,40621,Carvedilol Tab USP 25mg 100
50438HJ1,40622,Carvedilol Tab USP 25mg 500
50439HK1,40729,Baclofen Tab USP 20mg 1000
50440HK1,40729,Baclofen Tab USP 20mg 1000
50441HF1,40565,Baclofen Tab USP 20mg 100
50442HF1,40019,Baclofen Tab USP 20mg 100 TRU
50443GB1,40671,Nitroglycerin Sub Tab USP 0.3mg 1x100
50444HK1,41191,Metoprolol Tar Tab USP 50mg 1000UNTS Tru
50445HK1,41191,Metoprolol Tar Tab USP 50mg 1000UNTS Tru
50446HK1,41191,Metoprolol Tar Tab USP 50mg 1000UNTS Tru
50447HK1,41191,Metoprolol Tar Tab USP 50mg 1000UNTS Tru
50448HF1,40695,Midodrine HCl Tab USP 5 mg 100
50448HF2,40695,Midodrine HCl Tab USP 5 mg 100
50449HF1,40213,Bumetanide Tab USP 1mg 100
50450HF1,40213,Bumetanide Tab USP 1mg 100
50451HF1,40213,Bumetanide Tab USP 1mg 100
50452HF1,40213,Bumetanide Tab USP 1mg 100
50453HF1,40213,Bumetanide Tab USP 1mg 100
50454HD2,40311,Buspirone HCl Tab USP 15mg 60
50454HF2,40312,Buspirone HCl Tab USP 15mg 100
50455HF2,40312,Buspirone HCl Tab USP 15mg 100
50456HF2,40312,Buspirone HCl Tab USP 15mg 100
50457NB1,41306,Midazolam Nasal Spray 5 mg
50458NB1,41306,Midazolam Nasal Spray 5 mg
50459NB1,41306,Midazolam Nasal Spray 5 mg
50460HF1,40309,Buspirone HCl Tab USP 10mg 100
50461HF1,40309,Buspirone HCl Tab USP 10mg 100
50462HF1,40309,Buspirone HCl Tab USP 10mg 100
50462HJ1,40310,Buspirone HCl Tab USP 10mg 500
50463HC1,40669,Desvenlafaxine ER Tab 100 mg 30
50464HC1,40669,Desvenlafaxine ER Tab 100 mg 30
50464HE1,40970,Desvenlafaxine ER Tab 100 mg 90
50465HC1,40669,Desvenlafaxine ER Tab 100 mg 30
50466HK1,40453,Potassium Chl ER Tab USP 10mEq 1000 AB3
50467HF1,40891,Carbi + Levo tab USP 10/100mg 100 Tru
50468HJ1,40892,Carbi + Levo tab USP 10/100mg 500 Tru
50469HF1,40694,Midodrine HCl Tab USP 2.5mg 100
50470HF1,40694,Midodrine HCl Tab USP 2.5mg 100
50471HJ1,40897,Carbi + Levo tab USP 25/100mg 500 Tru
50472HJ1,40897,Carbi + Levo tab USP 25/100mg 500 Tru
50473HJ1,40897,Carbi + Levo tab USP 25/100mg 500 Tru
50473HK1,40898,Carbi + Levo tab USP 25/100mg 1000 Tru
50474HK1,40898,Carbi + Levo tab USP 25/100mg 1000 Tru
50475HK1,40898,Carbi + Levo tab USP 25/100mg 1000 Tru
50476HF1,40893,Carbi + Levo tab USP 25/250mg 100 Tru
50481HD1,40155,Diclofenac Sod DR Tab USP 75mg 60
50481HF1,40156,Diclofenac Sod DR Tab USP 75mg 100
50481HK1,40157,Diclofenac Sod DR Tab USP 75mg 1000
50482HC1,41302,Bisoprolol Fum tab USP 2.5mg 30 TRU
50483HF1,40047,Metoprolol Tar Tab USP 75mg 100 TRU
50484HJ1,40797,Clonazepam Tab USP 1mg 500
50485HJ1,40797,Clonazepam Tab USP 1mg 500
50486HF1,40307,Buspirone HCl Tab USP 5mg 100
50487HF1,40307,Buspirone HCl Tab USP 5mg 100
50488BD1,40225,Loratadine OD Tab USP 10mg 1x10
50489BH1,40224,Loratadine OD Tab USP 10mg 3x10
50490,30098,Cor  Nicotine  Pol Mini Loz 2mg Cherry
50491HK1,40702,Tramadol HCl Tab USP 50mg 1000
50492HK1,40702,Tramadol HCl Tab USP 50mg 1000
50493HK1,40702,Tramadol HCl Tab USP 50mg 1000
50494HK1,40702,Tramadol HCl Tab USP 50mg 1000
50495HF1,40695,Midodrine HCl Tab USP 5 mg 100
50496HF1,40149,Midodrine HCl Tab USP 5mg 100 TRU
50497HC1,41302,Bisoprolol Fum tab USP 2.5mg 30 TRU
50498HC1,40293,Amiodarone HCl Tab USP 400mg 30
50499HC1,40293,Amiodarone HCl Tab USP 400mg 30
50500HC1,40293,Amiodarone HCl Tab USP 400mg 30
50501HF1,40140,Amantadine HCl Cap USP 100mg 100
50501HF2,40140,Amantadine HCl Cap USP 100mg 100
50502HF1,40140,Amantadine HCl Cap USP 100mg 100
50503HJ1,40730,Amantadine HCl Cap USP 100mg 500
50504HD1,41268,Diclofenac Sod Tab DR 75mg 60 NOR
50504HJ1,41269,Diclofenac Sod Tab DR 75mg 500 NOR
50504HK1,41270,Diclofenac Sod Tab DR 75mg 1000 NOR
50505HK1,41270,Diclofenac Sod Tab DR 75mg 1000 NOR
50506HF1,41266,Midodrine HCl Tab 5 mg 100 NOR
50507HF1,41266,Midodrine HCl Tab 5 mg 100 NOR
50508HF1,41272,Diclofenac Sod Tab DR 25mg 100 NOR
50509HF1,41265,Midodrine HCl Tab 2.5mg 100 NOR
50510,30100,Cor  Nicotine  Pol Mini Loz 4mg Cherry
50511HF1,40304,Potassium Chl ER Tab USP 20mEq 100 AB3
50512HF1,40304,Potassium Chl ER Tab USP 20mEq 100 AB3
50513HF1,40304,Potassium Chl ER Tab USP 20mEq 100 AB3
50514HF1,40304,Potassium Chl ER Tab USP 20mEq 100 AB3
50514HJ1,40452,Potassium Chl ER Tab USP 20mEq 500 AB3
50515HJ1,40616,Carvedilol Tab USP 3.125mg 500
50516HK1,40665,Carvedilol Tab USP 3.125mg 1000
50518HF1,40500,Pot. Chl ER Tab USP 15mEq 100 AB1
50519HF1,40896,Carbi + Levo tab USP 25/100mg 100 Tru
50519HJ1,40832,Carbi + Levo tab USP 25/100mg 500
50520HF1,40151,Diclofenac Sod DR Tab USP 25mg 100
50524HK1,41191,Metoprolol Tar Tab USP 50mg 1000UNTS Tru
50525HK1,41191,Metoprolol Tar Tab USP 50mg 1000UNTS Tru
50526HF1,41190,Metoprolol Tar Tab USP 50mg 100 UNTS Tru
50527NA1,40887,Ipratropium Bro. Nasal Spray 0.03% 30 ml
50528NA1,40887,Ipratropium Bro. Nasal Spray 0.03% 30 ml
50529NA1,40887,Ipratropium Bro. Nasal Spray 0.03% 30 ml
50530,30626,Cor Buprenorphine SL Tab 2 mg
50531,30625,Ble Buprenorphine SL Tab 2 mg
50532HF1,40214,Bumetanide Tab USP 2mg 100
50533HF1,40214,Bumetanide Tab USP 2mg 100
50534HF1,41267,Midodrine HCl Tab 10mg 100 NOR
50535HF1,40864,Cevimeline HCl Cap 30mg 100
50536HK1,40702,Tramadol HCl Tab USP 50mg 1000
50537HK1,40702,Tramadol HCl Tab USP 50mg 1000
50538HK1,40702,Tramadol HCl Tab USP 50mg 1000
50539HK1,40492,Carbi + Levo tab USP 25/100mg 1000
50540HD1,41303,Tizanidine HCl Cap 8mg 60 Tri
50542HF1,41193,Metoprolol Tar Tab USP 100mg 100UNTS Tru
50543BH1,40224,Loratadine OD Tab USP 10mg 3x10
50544HC1,40692,Desvenlafaxine ER Tab 50 mg 30
50545HC1,40692,Desvenlafaxine ER Tab 50 mg 30
50546HC1,40692,Desvenlafaxine ER Tab 50 mg 30
50547,30108,Cor  Nicotine  Pol Mini Loz 4mg Cinnamon
50548,30603,Ble Tizanidine HCL Cap 4 mg
50549HF1,40865,Loperamide HCL Cap USP 2mg 100
50550HF1,40865,Loperamide HCL Cap USP 2mg 100
50551HF1,40865,Loperamide HCL Cap USP 2mg 100
50551HJ1,40866,Loperamide HCL Cap USP 2mg 500
50552,30604,Ble Tizanidine HCL Cap 6 mg
50553HC1,41309,Trental (pentoxi) ER Tab 400mg 30
50553HF1,41310,Trental (pentoxi) ER Tab 400mg 100
50554HC1,41273,Lasix (furosemide) Tab 20mg 30
50554HK1,41275,Lasix (furosemide) Tab 20mg 1000
50555HC1,41279,Lasix (furosemide) Tab 40mg 30
50555HK1,41281,Lasix (furosemide) Tab 40mg 1000
50556,30798,Gra Nicotine Pol Loz 2mg Mint
50557HF1,40472,Carbi + Levo ER Tab USP 25/100mg 100
50558HF1,40472,Carbi + Levo ER Tab USP 25/100mg 100
50559HF1,40472,Carbi + Levo ER Tab USP 25/100mg 100
50560,30404,Cor Carbi+levo ER Tab USP 25/100mg
50561HJ1,40622,Carvedilol Tab USP 25mg 500
50562HJ1,40622,Carvedilol Tab USP 25mg 500
50563NA1,40886,Ipratropium Bro. Nasal Spray 0.06% 15 ml
50564NA1,40886,Ipratropium Bro. Nasal Spray 0.06% 15 ml
50565NA1,40886,Ipratropium Bro. Nasal Spray 0.06% 15 ml
50566NA1,40886,Ipratropium Bro. Nasal Spray 0.06% 15 ml
50567NA1,40886,Ipratropium Bro. Nasal Spray 0.06% 15 ml
50568NA1,40886,Ipratropium Bro. Nasal Spray 0.06% 15 ml
50569HK1,40726,Baclofen Tab USP 10mg 1000
50570HK1,40726,Baclofen Tab USP 10mg 1000
50571HK1,40726,Baclofen Tab USP 10mg 1000
50571HK2,40018,Baclofen Tab USP 10mg 1000 TRU
50576HK1,41065,Metoprolol Tar Tab USP 25mg 1000 UnTS
50577HK1,41065,Metoprolol Tar Tab USP 25mg 1000 UnTS
50578HK1,41065,Metoprolol Tar Tab USP 25mg 1000 UnTS
50579HK1,41065,Metoprolol Tar Tab USP 25mg 1000 UnTS
50580HH1,40161,Tizanidine HCl Cap 2mg 150
50581HH1,40161,Tizanidine HCl Cap 2mg 150
50583HF1,40696,Midodrine HCl Tab USP 10mg 100
50584HF1,40696,Midodrine HCl Tab USP 10mg 100
50585HF1,40696,Midodrine HCl Tab USP 10mg 100
50586HF1,40593,Potassium Chl ER Tab 15mEq 100 AB3
50587HF1,40650,Metolazone Tab USP 5mg 100
50588HF1,40649,Metolazone Tab USP 2.5mg 100
50589HF1,40649,Metolazone Tab USP 2.5mg 100
50590HF1,40650,Metolazone Tab USP 5mg 100
50592,30404,Cor Carbi+levo ER Tab USP 25/100mg
50593HF1,41297,Primidone Tab USP 50mg 100 NOR
50594HF1,41297,Primidone Tab USP 50mg 100 NOR
50595HF1,41297,Primidone Tab USP 50mg 100 NOR
50595HJ1,41298,Primidone Tab USP 50mg 500 NOR
50604HF1,40627,Primidone Tab USP 250mg100
50605HF1,41299,Primidone Tab USP 250mg 100 NOR
50607,30894,"Gra Meto Tar Tab USP25, 50&100mg Uncoate"
50610HK1,41069,Metoprolol Tar Tab USP 50mg 1000 UnTS
50612HD1,41035,Buspirone HCl Tab USP 15mg 60 BUOT
50612HF1,41036,Buspirone HCl Tab USP 15mg 100 BUOT
50613HF1,41036,Buspirone HCl Tab USP 15mg 100 BUOT
50614HF1,41036,Buspirone HCl Tab USP 15mg 100 BUOT
50616HK1,41188,Metoprolol Tar Tab USP 25mg 1000UNTS Tru
50617HF1,40304,Potassium Chl ER Tab USP 20mEq 100 AB3
50618HF1,40304,Potassium Chl ER Tab USP 20mEq 100 AB3
50619HF1,40896,Carbi + Levo tab USP 25/100mg 100 Tru
50619HK1,40492,Carbi + Levo tab USP 25/100mg 1000
50620HF1,40896,Carbi + Levo tab USP 25/100mg 100 Tru
50621HF1,40896,Carbi + Levo tab USP 25/100mg 100 Tru
50622HF1,40896,Carbi + Levo tab USP 25/100mg 100 Tru
50625HJ1,40622,Carvedilol Tab USP 25mg 500
50626HK1,40667,Carvedilol Tab USP 25mg 1000
50627HK1,40667,Carvedilol Tab USP 25mg 1000
50628HJ1,40796,Clonazepam Tab USP 0.5mg 500
50628HJ2,41169,Clonazepam Tab USP 0.5mg 500 NOR
50628HK1,40711,Clonazepam Tab USP 0.5mg 1000
50629HF1,41168,Clonazepam Tab USP 0.5mg 100 NOR
50629HJ1,41169,Clonazepam Tab USP 0.5mg 500 NOR
50630HJ1,41169,Clonazepam Tab USP 0.5mg 500 NOR
50631,30670,Coa Metoprolol Tar Tab USP 75mg TopSpray
50632,30670,Coa Metoprolol Tar Tab USP 75mg TopSpray
50633HK1,40667,Carvedilol Tab USP 25mg 1000
50634HK1,40667,Carvedilol Tab USP 25mg 1000
50635HD1,40294,Amiodarone HCl Tab USP 200mg 60
50636HD1,40294,Amiodarone HCl Tab USP 200mg 60
50636HJ1,40295,Amiodarone HCl Tab USP 200mg 500
50637HJ1,40295,Amiodarone HCl Tab USP 200mg 500
50642HF1,40601,Baclofen Tab USP 5mg 100
50643HF1,40601,Baclofen Tab USP 5mg 100
50644,30002,Cor Baclofen Tab USP 5 mg
50645HC1,40497,Tramadol HCL Tab USP 25mg 30
50646HF1,40884,Primidone Tab USP 125mg 100 Tru
50647HF1,40884,Primidone Tab USP 125mg 100 Tru
50648HF1,40309,Buspirone HCl Tab USP 10mg 100
50649HJ1,40310,Buspirone HCl Tab USP 10mg 500
50650HF1,40307,Buspirone HCl Tab USP 5mg 100
50651HJ1,40616,Carvedilol Tab USP 3.125mg 500
50652HF1,40617,Carvedilol Tab USP 6.25mg 100
50653HK1,40664,Carvedilol Tab USP 6.25mg 1000
50654HK1,40664,Carvedilol Tab USP 6.25mg 1000
50655HJ1,40618,Carvedilol Tab USP 6.25mg 500
50656HJ1,40618,Carvedilol Tab USP 6.25mg 500
50657HJ1,40618,Carvedilol Tab USP 6.25mg 500
50658HF1,40619,Carvedilol Tab USP 12.5mg 100
50658HJ1,40620,Carvedilol Tab USP 12.5mg 500
50659HJ1,40620,Carvedilol Tab USP 12.5mg 500
50660HJ1,40620,Carvedilol Tab USP 12.5mg 500
50661HK1,40667,Carvedilol Tab USP 25mg 1000
50663,30895,"Ble Meto Tar Tab USP25, 50&100mg Uncoate"
50665HK1,41194,Metoprolol Tar Tab USP100mg 1000UNTS Tru
50665HK2,41074,Metoprolol Tar Tab USP 100mg 1000UnTS
50667HK1,41194,Metoprolol Tar Tab USP100mg 1000UNTS Tru
50668HC1,40144,Pregabalin ER tab 330mg 30
50669HC1,40292,Amiodarone HCl Tab USP 100mg 30
50670HC1,40292,Amiodarone HCl Tab USP 100mg 30
50671,30308,Cor Amiodarone HCl Tab USP 100mg
50672,30310,Cor Amiodarone HCl Tab USP 400mg
50673,30310,Cor Amiodarone HCl Tab USP 400mg
50674,30310,Cor Amiodarone HCl Tab USP 400mg
50675HF1,40649,Metolazone Tab USP 2.5mg 100
50676HF1,40649,Metolazone Tab USP 2.5mg 100
50677HF1,40304,Potassium Chl ER Tab USP 20mEq 100 AB3
50678,30875,Gra Potassium Chl ER Tab 20mEq. Ktab
50679,30329,Coa  Potassium Chl ER Tab 20mEq. Ktab
50680,30328,Cor Potassium Chl ER Tab 20mEq. Ktab
50682,30875,Gra Potassium Chl ER Tab 20mEq. Ktab
50683,30437,Cor Cabi+LevoTab 25/100 mg
50684,30437,Cor Cabi+LevoTab 25/100 mg
50685,30437,Cor Cabi+LevoTab 25/100 mg
50686,30437,Cor Cabi+LevoTab 25/100 mg
50687HF1,40716,Clonazepam Tab USP 2mg 100
50688HF1,40716,Clonazepam Tab USP 2mg 100
50688HF2,41173,Clonazepam Tab USP 2mg 100 NOR
50688HJ1,41174,Clonazepam Tab USP 2mg 500 NOR
50689HJ1,40798,Clonazepam Tab USP 2mg 500
50690HF1,40440,Isosorbide Dinitrate Tab USP 5mg 100
50691HF1,40440,Isosorbide Dinitrate Tab USP 5mg 100
50692HF1,40440,Isosorbide Dinitrate Tab USP 5mg 100
50693,30844,Imp Diclofenac Sod DR Tab USP 50mg
50694,30354,Ble Buspirone Hcl Tab USP 30mg
50726,30858,Gra CG Pot Chl ER Tab USP 15mEq KlorCon
50730HF1,41021,Guanfacine ER Tab USP 1 mg 100
50731HF1,41021,Guanfacine ER Tab USP 1 mg 100
50732HF1,41021,Guanfacine ER Tab USP 1 mg 100
50739HF1,40592,Baclofen Tab USP 10mg 100
50740HF1,40592,Baclofen Tab USP 10mg 100
50741HF1,40592,Baclofen Tab USP 10mg 100
50742HJ1,40595,Baclofen Tab USP 10mg 500
50743HJ1,40595,Baclofen Tab USP 10mg 500
50744HJ1,40620,Carvedilol Tab USP 12.5mg 500
50745HJ1,40620,Carvedilol Tab USP 12.5mg 500
50746HJ1,40620,Carvedilol Tab USP 12.5mg 500
50747HK1,40666,Carvedilol Tab USP 12.5mg 1000
50748HK1,40666,Carvedilol Tab USP 12.5mg 1000
50749HC1,40774,Tranexamic Acid Tab USP 650 mg 30
50750,30895,"Ble Meto Tar Tab USP25, 50&100mg Uncoate"
50751,30895,"Ble Meto Tar Tab USP25, 50&100mg Uncoate"
50753,30895,"Ble Meto Tar Tab USP25, 50&100mg Uncoate"
50754,30895,"Ble Meto Tar Tab USP25, 50&100mg Uncoate"
50755,30895,"Ble Meto Tar Tab USP25, 50&100mg Uncoate"
50756,30895,"Ble Meto Tar Tab USP25, 50&100mg Uncoate"
50757,30895,"Ble Meto Tar Tab USP25, 50&100mg Uncoate"
50758,30894,"Gra Meto Tar Tab USP25, 50&100mg Uncoate"
50768,30538,Ble Desvenlafaxine ER Tablet 50mg
50769,30294,Ble Potassium Chl Oral Sol USP 20mEq
50770,30294,Ble Potassium Chl Oral Sol USP 20mEq
50771,30294,Ble Potassium Chl Oral Sol USP 20mEq
50772,30294,Ble Potassium Chl Oral Sol USP 20mEq
50773NB1,41216,Diazepam Nasal Spray 10mg/Spray
50775,30552,Ble Clonazepam Tab USP 1 mg
50776,30552,Ble Clonazepam Tab USP 1 mg
50778HF1,40650,Metolazone Tab USP 5mg 100
50779HK1,40666,Carvedilol Tab USP 12.5mg 1000
50780,30410,Ble CG Pot Chl ER Tab USP 15mEq KlorCon
50782,30006,Cor Baclofen Tab USP 20 mg
50783,30006,Cor Baclofen Tab USP 20 mg
50786,30006,Cor Baclofen Tab USP 20 mg
50787,30172,Cor Midodrine HCl Tab USP 2.5mg
50788,30172,Cor Midodrine HCl Tab USP 2.5mg
50789,30172,Cor Midodrine HCl Tab USP 2.5mg
50790,30318,Coa Carvedilol Tab USP 6.25mg
50791,30551,Cor Clonazepam Tab USP 0.5mg
50792,30551,Cor Clonazepam Tab USP 0.5mg
50795NA1,40886,Ipratropium Bro. Nasal Spray 0.06% 15 ml
50796NA1,40886,Ipratropium Bro. Nasal Spray 0.06% 15 ml
50797NA1,40886,Ipratropium Bro. Nasal Spray 0.06% 15 ml
50798,30123,Coa Tramadol HCL Tab USP 50mg
50799,30788,Gra Tramadol HCL Tab USP 50mg
50800,30468,Cor Guanfacine Tab USP 1mg
50801,30521,Ble Desvenlafaxine ER Tab100mg
50802,30857,Gra Desvenlafaxine ER Tab100mg
50803HF1,40695,Midodrine HCl Tab USP 5 mg 100
50804HF1,40695,Midodrine HCl Tab USP 5 mg 100
50805HF1,40695,Midodrine HCl Tab USP 5 mg 100
50806,30173,Cor  Midodrine HCl Tab USP 5mg
50807,30173,Cor  Midodrine HCl Tab USP 5mg
50808,30296,Cor Loratadine OD Tab USP 10mg
50821,30003,Ble Baclofen Tab USP 10 mg
50822,30003,Ble Baclofen Tab USP 10 mg
50823,30003,Ble Baclofen Tab USP 10 mg
50824,30315,Coa Carvedilol Tab USP 3.125mg
50825,30315,Coa Carvedilol Tab USP 3.125mg
50829,30894,"Gra Meto Tar Tab USP25, 50&100mg Uncoate"
50830,30894,"Gra Meto Tar Tab USP25, 50&100mg Uncoate"
50840,30780,Gra Acetazolamide Tab USP 125mg
50841,30285,Ble Acetazolamide Tab USP 250mg
50842,30285,Ble Acetazolamide Tab USP 250mg
50846,30435,Cor Carbi+Levo Tab 25/250mg
50847,30638,Ble Carbi+LevoTab USP 25/250 mg
50848,30458,Ble Cevimeline HCl Cap 30mg
50849,30458,Ble Cevimeline HCl Cap 30mg
50850,30458,Ble Cevimeline HCl Cap 30mg
50851,30458,Ble Cevimeline HCl Cap 30mg
50852,30458,Ble Cevimeline HCl Cap 30mg
50858,30796,Gra Primidone Tab USP 50mg
50859,30796,Gra Primidone Tab USP 50mg
E40929,30524,"IB Nitroglycerine SL TabUSP0.3,0.4&0.6mg"
E41628,30911,Ble CB Metoprolol Tar Tab USP MOLF
E42086,30911,Ble CB Metoprolol Tar Tab USP MOLF
E42087,30911,Ble CB Metoprolol Tar Tab USP MOLF
E50055,30704,Ble Methylphenidate HCL ER Chew Tab 40mg
E50122,30942,CB Buprenorphine SL Tab 4mg & 12mg
E50123,30942,CB Buprenorphine SL Tab 4mg & 12mg
E50124,30942,CB Buprenorphine SL Tab 4mg & 12mg
E50774,30920,Blk Diazepam Nasal Spray 10mg/Spray
E50784,30638,Ble Carbi+LevoTab USP 25/250 mg
E50812,31012,"Ble Tramadol Hcl ER Tab USP100,200&300mg"
E50813,31012,"Ble Tramadol Hcl ER Tab USP100,200&300mg"
E50814,31012,"Ble Tramadol Hcl ER Tab USP100,200&300mg"
S24040HE1,40734,"POTASSIUM CHLORIDE ORAL SOLUTION USP,20%"
S24041HE1,40734,"POTASSIUM CHLORIDE ORAL SOLUTION USP,20%"
S24042HE1,40734,"POTASSIUM CHLORIDE ORAL SOLUTION USP,20%"
S24048HE1,40759,Pot Chl OS USP 10% (20mEq/15ml) 473HD US
S24049HE1,40759,Pot Chl OS USP 10% (20mEq/15ml) 473HD US
S24050HE1,40759,Pot Chl OS USP 10% (20mEq/15ml) 473HD US
S24051HF1,40754,Lithium OS USP 8 mEq Per 5 mL 500 HD US
S24052HF1,40754,Lithium OS USP 8 mEq Per 5 mL 500 HD US
S24053HF1,40754,Lithium OS USP 8 mEq Per 5 mL 500 HD US
S24060HE1,40759,Pot Chl OS USP 10% (20mEq/15ml) 473HD US
S24061HE1,40759,Pot Chl OS USP 10% (20mEq/15ml) 473HD US
S24062HE1,40759,Pot Chl OS USP 10% (20mEq/15ml) 473HD US
S24072PD1,40725,Nor HCL OS USP 10mg/5mL Bas 473 PET US
S24073PB1,40910,Aripiprazole OS 1mg/ml 150 PET US
S24074PB1,40910,Aripiprazole OS 1mg/ml 150 PET US
S24075PB1,40910,Aripiprazole OS 1mg/ml 150 PET US
S24077HA1,45018,HALOPERIDOL OS USP 2MG/ML (15 ML HDPE)
S24077HB1,45019,HALOPERIDOL OS USP 2MG/ML (120 ML HDPE)
S24078HA1,45018,HALOPERIDOL OS USP 2MG/ML (15 ML HDPE)
S24078HB1,45019,HALOPERIDOL OS USP 2MG/ML (120 ML HDPE)
S24079HA1,45018,HALOPERIDOL OS USP 2MG/ML (15 ML HDPE)
S24079HB1,45019,HALOPERIDOL OS USP 2MG/ML (120 ML HDPE)
S24080PD1,40725,Nor HCL OS USP 10mg/5mL Bas 473 PET US
S24081PD1,40725,Nor HCL OS USP 10mg/5mL Bas 473 PET US
S24082GB2,40962,OXCARBAZEPINE OSP USP300MG/5ML 250 GL US
S24083GB2,40962,OXCARBAZEPINE OSP USP300MG/5ML 250 GL US
S24084GB2,40962,OXCARBAZEPINE OSP USP300MG/5ML 250 GL US
S24085HE1,40734,"POTASSIUM CHLORIDE ORAL SOLUTION USP,20%"
S24086HE1,40734,"POTASSIUM CHLORIDE ORAL SOLUTION USP,20%"
S24087HE1,40734,"POTASSIUM CHLORIDE ORAL SOLUTION USP,20%"
S24088PB1,40910,Aripiprazole OS 1mg/ml 150 PET US
S24091HE1,40759,Pot Chl OS USP 10% (20mEq/15ml) 473HD US
S24092HE1,40759,Pot Chl OS USP 10% (20mEq/15ml) 473HD US
S24093PD1,40725,Nor HCL OS USP 10mg/5mL Bas 473 PET US
S24094PD1,40725,Nor HCL OS USP 10mg/5mL Bas 473 PET US
S24097HE1,40759,Pot Chl OS USP 10% (20mEq/15ml) 473HD US
S24098HE1,40734,"POTASSIUM CHLORIDE ORAL SOLUTION USP,20%"
S24099HE1,40734,"POTASSIUM CHLORIDE ORAL SOLUTION USP,20%"
S24100HE1,40900,Acyclovir OSP USP 200mg/5ml 473 HD US
S24101HE1,40900,Acyclovir OSP USP 200mg/5ml 473 HD US
S24102HE1,40900,Acyclovir OSP USP 200mg/5ml 473 HD US
S24103HB1,45019,HALOPERIDOL OS USP 2MG/ML (120 ML HDPE)
S24104HB1,45019,HALOPERIDOL OS USP 2MG/ML (120 ML HDPE)
S24107HB1,45019,HALOPERIDOL OS USP 2MG/ML (120 ML HDPE)
S24108HB1,45019,HALOPERIDOL OS USP 2MG/ML (120 ML HDPE)
S24113PD1,40725,Nor HCL OS USP 10mg/5mL Bas 473 PET US
S24114PD1,40725,Nor HCL OS USP 10mg/5mL Bas 473 PET US
S24115HE1,40734,"POTASSIUM CHLORIDE ORAL SOLUTION USP,20%"
S24116GB1,40962,OXCARBAZEPINE OSP USP300MG/5ML 250 GL US
S24117GB1,40962,OXCARBAZEPINE OSP USP300MG/5ML 250 GL US
S24123HF1,40754,Lithium OS USP 8 mEq Per 5 mL 500 HD US
S24130HE1,40759,Pot Chl OS USP 10% (20mEq/15ml) 473HD US
S24139HE1,40759,Pot Chl OS USP 10% (20mEq/15ml) 473HD US
S24141HE1,40759,Pot Chl OS USP 10% (20mEq/15ml) 473HD US
S25014HE1,40759,Pot Chl OS USP 10% (20mEq/15ml) 473HD US
S25015HE1,40734,"POTASSIUM CHLORIDE ORAL SOLUTION USP,20%"
S25021LA1,40842,Lidocaine Oral Topi Soln USP 2% 100ml
S25022LA1,40842,Lidocaine Oral Topi Soln USP 2% 100ml
S25023LA1,40842,Lidocaine Oral Topi Soln USP 2% 100ml
S25024LA1,40842,Lidocaine Oral Topi Soln USP 2% 100ml
S25025LA1,40842,Lidocaine Oral Topi Soln USP 2% 100ml
