wrestler1,wrestler2
Becky Lynch,Tiffany Stratton
Becky Lynch,Zoey Stark
Becky Lynch,Tiffany Stratton
Toni Storm,Bianca BelAir & Nikki Cross
Toni Storm,Rhea Ripley
Rhea Ripley,Dakota Kai
Asuka,Becky Lynch
Asuka,Natalya
Konnor & Viktor,R-Truth & Xavier Woods
Lyra Valkyria,Karmen Petrovic & Tiffany Stratton
Andre Chase & Duke Hudson,"Angel Garza & Channing ""Stacks"" Lorenzo & Humberto Carrillo & Tony D'Angelo"
"Channing ""Stacks"" Lorenzo & Tony D'Angelo",Noam Dar & Oro Mensah
Tiffany Stratton,Ivy Nile
Tiffany Stratton,Valentina Feroz
"Channing ""Stacks"" Lorenzo & Tony D'Angelo",Jagger Reid & Rip Fowler
Tiffany Stratton,Thea Hail
Mark Coffey & Wolfgang,Andre Chase & Duke Hudson
Tiffany Stratton,Kelani Jordan
Tiffany Stratton,Ivy Nile & Thea Hail
Tiffany Stratton,Thea Hail
Tiffany Stratton,Lyra Valkyria
Mark Coffey & Wolfgang,Brooks Jensen & Josh Briggs
Indi Hartwell,Cora Jade & Thea Hail
Alba Fyre & Isla Dawn,Katana Chance & Kayden Carter
Mark Coffey & Wolfgang,Hank Walker & Tank Ledger
Fallon Henley & Kiana James,Alba Fyre & Isla Dawn
Fallon Henley & Kiana James,Alba Fyre & Isla Dawn & Ivy Nile & Katana Chance & Kayden Carter & Tatum Paxley
Mark Coffey & Wolfgang,Brooks Jensen & Josh Briggs
Roxanne Perez,Lash Legend
Fallon Henley & Kiana James,Alba Fyre & Isla Dawn & Ivy Nile & Tatum Paxley
Mark Coffey & Wolfgang,Andre Chase & Duke Hudson
Fallon Henley & Kiana James,Elektra Lopez & Lola Vice
Roxanne Perez,Cora Jade
Katana Chance & Kayden Carter,Jakara Jackson & Lash Legend
Roxanne Perez,Cora Jade & Jacy Jayne & Thea Hail
Ivy Nile,Mandy Rose
Elton Prince & Kit Wilson,Edris Enofé & Malik Blade
Elton Prince & Kit Wilson,Carmelo Hayes & Trick Williams
Katana Chance & Kayden Carter,Elektra Lopez & Kiana James
Katana Chance & Kayden Carter,Jakara Jackson & Lash Legend
Elton Prince & Kit Wilson,Hank Walker & Unknown Male Wrestler
Mandy Rose,Thea Hail
Elton Prince & Kit Wilson,Edris Enofé & Malik Blade
Mandy Rose,Nikkita Lyons
Katana Chance & Kayden Carter,Arianna Grace & Kiana James
Mandy Rose,Ivy Nile
Brutus Creed & Julius Creed,Joe Coffey & Mark Coffey
Brutus Creed & Julius Creed,Andre Chase & Bodhi Hayward
Katana Chance & Kayden Carter,Jakara Jackson & Lash Legend
Zoey Stark,Mandy Rose
Mandy Rose,Ivy Nile
Brutus Creed & Julius Creed,Dyad #2 & Joe Gacy
Cora Jade & Roxanne Perez,Gigi Dolin & Jacy Jayne
Mandy Rose,Indi Hartwell
Matt Riddle & Pete Dunne,Brendan Vink & Shane Thorne
Matt Riddle & Pete Dunne,Brendan Vink & Shane Thorne
Rhea Ripley,Chelsea Green
Matt Riddle & Pete Dunne,Fabian Aichner & Marcel Barthel
Rhea Ripley,Chelsea Green
Rhea Ripley,Bianca BelAir
Matt Riddle & Pete Dunne,Bobby Fish & Kyle O'Reilly
Rhea Ripley,Bianca BelAir
Rhea Ripley,Shayna Baszler
Rhea Ripley,Shayna Baszler
Shayna Baszler,Candice LeRae
Shayna Baszler,Reina Gonzalez
Shayna Baszler,Dakota Kai
Bobby Fish & Kyle O'Reilly,Matt Riddle & Pete Dunne
Bobby Fish & Kyle O'Reilly,Angelo Dawkins & Montez Ford
Shayna Baszler,Candice LeRae
Shayna Baszler,Dakota Kai
Bobby Fish & Kyle O'Reilly,Fabian Aichner & Marcel Barthel
Shayna Baszler,Candice LeRae
Bobby Fish & Kyle O'Reilly,Angelo Dawkins & Montez Ford
Candice LeRae,Shayna Baszler
Bobby Fish & Kyle O'Reilly,Angelo Dawkins & Montez Ford
Kay Lee Ray,Taynara Conti
Mia Yim,Shayna Baszler
Shayna Baszler,Mia Yim
Angelo Dawkins & Montez Ford,Steve Cutler & Wesley Blake
Angelo Dawkins & Montez Ford,Steve Cutler & Wesley Blake
Shayna Baszler,Mia Yim
Angelo Dawkins & Montez Ford,Steve Cutler & Wesley Blake
Angelo Dawkins & Montez Ford,Steve Cutler & Wesley Blake
Shayna Baszler,Mia Yim
Angelo Dawkins & Montez Ford,Steve Cutler & Wesley Blake
Shayna Baszler,Rachel Evers
Angelo Dawkins & Montez Ford,Steve Cutler & Wesley Blake
Shayna Baszler,Mia Yim
Angelo Dawkins & Montez Ford,Steve Cutler & Wesley Blake
Shayna Baszler,Jessi Kamea
Angelo Dawkins & Montez Ford,Brendan Vink & Jermaine Haley
Angelo Dawkins & Montez Ford,Steve Cutler & Wesley Blake
Shayna Baszler,Jessie Elaban
Shayna Baszler,Kacy Catanzaro
Shayna Baszler,Kacy Catanzaro
Shayna Baszler,Kacy Catanzaro
Shayna Baszler,Kacy Catanzaro
Shayna Baszler,Mia Yim
Shayna Baszler,Io Shirai
Shayna Baszler,Bianca BelAir & Io Shirai & Kairi Sane
Hanson & Rowe,Angelo Dawkins & James Drake & Montez Ford & Steve Cutler & Wesley Blake & Zack Gibson
Hanson & Rowe,Bobby Fish & Kyle O'Reilly
Hanson & Rowe,Bobby Fish & Kyle O'Reilly
Hanson & Rowe,Kassius Ohno & Luke Menzies
Shayna Baszler,Bianca BelAir & Io Shirai & Kairi Sane
Shayna Baszler,Bianca BelAir
Hanson & Rowe,Bobby Fish & Kyle O'Reilly
Shayna Baszler,Bianca BelAir
Hanson & Rowe,Jaxson Ryker & Steve Cutler
Shayna Baszler,Mia Yim
Hanson & Rowe,Bobby Fish & Kyle O'Reilly
Shayna Baszler,Bianca BelAir
Shayna Baszler,Bianca BelAir
Hanson & Rowe,Kyle O'Reilly & Roderick Strong
Hanson & Rowe,Denzel Dejournette & Eric Bugenhagen
Hanson & Rowe,Steve Cutler & Wesley Blake
Hanson & Rowe,Fabian Aichner & Marcel Barthel
Shayna Baszler,Candice LeRae
Hanson & Rowe,Steve Cutler & Wesley Blake
Hanson & Rowe,Fabian Aichner & Marcel Barthel
Shayna Baszler,Candice LeRae
Bianca BelAir,Shayna Baszler
Hanson & Rowe,Bobby Fish & Roderick Strong
Bobby Fish & Roderick Strong,Humberto Carrillo & Raul Mendoza
Bianca BelAir,Shayna Baszler
Rhea Ripley,Aliyah & Bianca BelAir & Kairi Sane
Kyle O'Reilly & Roderick Strong,Otis Dozovic & Tucker Knight
Kairi Sane,Shayna Baszler
Kyle O'Reilly & Roderick Strong,Otis Dozovic & Tucker Knight
Shayna Baszler,Candice LeRae
Rhea Ripley,Reina Gonzalez
Rhea Ripley,Candice LeRae
Rhea Ripley,Nikki Cross
Kyle O'Reilly & Roderick Strong,Angelo Dawkins & Montez Ford
Rhea Ripley,Deonna Purrazzo
Kairi Sane,Lacey Evans
Rhea Ripley,Jessie Elaban
Rhea Ripley,Nikki Cross
Hanson & Rowe,Kyle O'Reilly & Roderick Strong
Hanson & Rowe,Kyle O'Reilly & Roderick Strong
Hanson & Rowe,Kyle O'Reilly & Roderick Strong
Rhea Ripley,Kacy Catanzaro
Shayna Baszler,Kairi Sane
Kyle O'Reilly & Roderick Strong,Trent Seven & Tyler Bate
Kyle O'Reilly & Roderick Strong,Nick Miller & Shane Thorne
Kyle O'Reilly & Roderick Strong,Angelo Dawkins & Montez Ford
Angelo Dawkins & Montez Ford,Kyle O'Reilly & Roderick Strong
Kyle O'Reilly & Roderick Strong,Otis Dozovic & Tucker Knight
Shayna Baszler,Candice LeRae
Kyle O'Reilly & Roderick Strong,Otis Dozovic & Tucker Knight
Shayna Baszler,Candice LeRae
Shayna Baszler,Nikki Cross
Kyle O'Reilly & Roderick Strong,Nick Miller & Shane Thorne
Shayna Baszler,Dakota Kai
Kyle O'Reilly & Roderick Strong,Danny Burch & Oney Lorcan
Kyle O'Reilly & Roderick Strong,Danny Burch & Oney Lorcan
Shayna Baszler,Nikki Cross
Kyle O'Reilly & Roderick Strong,Danny Burch & Oney Lorcan
Shayna Baszler,Nikki Cross
Shayna Baszler,Nikki Cross
Shayna Baszler,Candice LeRae
Pete Dunne & Tyler Bate,Kyle O'Reilly & Roderick Strong
Otis Dozovic & Tucker Knight,Kyle O'Reilly & Roderick Strong
Kyle O'Reilly & Roderick Strong,Angelo Dawkins & Montez Ford
Shayna Baszler,Dakota Kai
Kyle O'Reilly & Roderick Strong,Dash Wilder & Scott Dawson
Kyle O'Reilly & Roderick Strong,Angelo Dawkins & Montez Ford
Shayna Baszler,Dakota Kai
Kyle O'Reilly & Roderick Strong,Dash Wilder & Scott Dawson
Shayna Baszler,Dakota Kai
Kyle O'Reilly & Roderick Strong,Angelo Dawkins & Montez Ford
Shayna Baszler,Steffanie Newell
Shayna Baszler,Nikki Cross
Shayna Baszler,Kairi Sane
Shayna Baszler,Candice LeRae
Shayna Baszler,Dakota Kai
Kyle O'Reilly & Roderick Strong,Trent Seven & Tyler Bate
Ember Moon,Lacey Evans
Ember Moon,Shayna Baszler
Bobby Fish & Kyle O'Reilly,Otis Dozovic & Tucker Knight
Bobby Fish & Kyle O'Reilly,Angelo Dawkins & Montez Ford
Ember Moon,Aliyah & Nikki Cross
Bobby Fish & Kyle O'Reilly,Steve Cutler & Wesley Blake
Ember Moon,Bianca BelAir
Bobby Fish & Kyle O'Reilly,Angelo Dawkins & Montez Ford
Bobby Fish & Kyle O'Reilly,Akam & Rezar
Bobby Fish & Kyle O'Reilly,Otis Dozovic & Tucker Knight
Ember Moon,Bianca BelAir
Ember Moon,Bianca BelAir
Bobby Fish & Kyle O'Reilly,Nick Miller & Shane Thorne
Bobby Fish & Kyle O'Reilly,Otis Dozovic & Tucker Knight
Ember Moon,Vanessa Borne
Bobby Fish & Kyle O'Reilly,Angelo Dawkins & Montez Ford
Ember Moon,Sage Beckett
Bobby Fish & Kyle O'Reilly,Angelo Dawkins & Montez Ford
Ember Moon,Bianca BelAir
Ember Moon,Vanessa Borne
Bobby Fish & Kyle O'Reilly,Angelo Dawkins & Montez Ford
Ember Moon,Bianca BelAir
Ember Moon,Lacey Evans
Bobby Fish & Kyle O'Reilly,Akam & Rezar
Bobby Fish & Kyle O'Reilly,Eric Young & Killian Dain
Ember Moon,Bianca BelAir
Bobby Fish & Kyle O'Reilly,Eric Young & Killian Dain
Ember Moon,Bianca BelAir
Bobby Fish & Kyle O'Reilly,Eric Young & Killian Dain
Ember Moon,Sonya Deville
Alexander Wolfe & Eric Young,Bobby Fish & Kyle O'Reilly
Alexander Wolfe & Eric Young,Bobby Fish & Kyle O'Reilly
Alexander Wolfe & Eric Young,Bobby Fish & Kyle O'Reilly
Alexander Wolfe & Eric Young,Akam & Rezar
Akam & Rezar,Alexander Wolfe & Eric Young
Alexander Wolfe & Eric Young,Riddick Moss & Tino Sabbatelli
Alexander Wolfe & Eric Young,Riddick Moss & Tino Sabbatelli
Alexander Wolfe & Eric Young,Riddick Moss & Tino Sabbatelli
Alexander Wolfe & Eric Young,Otis Dozovic & Tucker Knight
Asuka,Ember Moon & Nikki Cross
Alexander Wolfe & Eric Young,Akam & Rezar
Asuka,Ember Moon
Alexander Wolfe & Eric Young,Akam & Rezar
Akam & Rezar,Alexander Wolfe & Eric Young
Asuka,Ember Moon & Nikki Cross
Akam & Rezar,Alexander Wolfe & Eric Young
Asuka,Nikki Cross
Akam & Rezar,Otis Dozovic & Tucker Knight
Asuka,Nikki Cross
Akam & Rezar,Otis Dozovic & Tucker Knight
Asuka,Nikki Cross
Akam & Rezar,Alexander Wolfe & Killian Dain
Akam & Rezar,Otis Dozovic & Tucker Knight
Asuka,Nikki Cross
Asuka,Nikki Cross
Akam & Rezar,Riddick Moss & Tino Sabbatelli
Asuka,Ember Moon
Asuka,Ruby Riot
Akam & Rezar,Gentleman Jack Gallagher & Wolfgang
Asuka,Ember Moon
Akam & Rezar,Alexander Wolfe & Killian Dain
Asuka,Peyton Royce
Akam & Rezar,Alexander Wolfe & Killian Dain
Asuka,Sonya Deville
Asuka,Bianca Blair
Asuka,Sonya Deville
Asuka,Sonya Deville
Akam & Rezar,Johnny Gargano & Tommaso Ciampa
Asuka,Ember Moon
Akam & Rezar,Johnny Gargano & Tommaso Ciampa
Asuka,Daria Berenato
Akam & Rezar,Dash Wilder & Johnny Gargano & Scott Dawson & Tommaso Ciampa
Akam & Rezar,Angelo Dawkins & Montez Ford
Akam & Rezar,Otis Dozovic & Tucker Knight
Asuka,Liv Morgan
Asuka,Nikki Cross
Akam & Rezar,Angelo Dawkins & Montez Ford
Akam & Rezar,Angelo Dawkins & Montez Ford
Asuka,Nikki Cross
Akam & Rezar,Otis Dozovic & Tucker Knight
Asuka,Ember Moon & Nikki Cross
Akam & Rezar,Johnny Gargano & Tommaso Ciampa
Asuka,Mandy Rose
Asuka,Ember Moon & Nikki Cross
Asuka,Peyton Royce
Akam & Rezar,Johnny Gargano & Tommaso Ciampa
Asuka,Peyton Royce
Johnny Gargano & Tommaso Ciampa,Dash Wilder & Scott Dawson
Asuka,Billie Kay & Nikki Cross & Peyton Royce
Johnny Gargano & Tommaso Ciampa,Akam & Rezar
Asuka,Nikki Cross & Peyton Royce
Johnny Gargano & Tommaso Ciampa,Akam & Rezar
Asuka,Billie Kay & Nikki Cross
Johnny Gargano & Tommaso Ciampa,Dash Wilder & Scott Dawson
Johnny Gargano & Tommaso Ciampa,Dash Wilder & Scott Dawson
Asuka,Ember Moon
Asuka,Ember Moon
Johnny Gargano & Tommaso Ciampa,Dash Wilder & Scott Dawson
Johnny Gargano & Tommaso Ciampa,Riddick Moss & Tino Sabbatelli
Asuka,Ember Moon
Johnny Gargano & Tommaso Ciampa,Dash Wilder & Scott Dawson
Asuka,Peyton Royce
Asuka,Peyton Royce
Johnny Gargano & Tommaso Ciampa,Riddick Moss & Tino Sabbatelli
Johnny Gargano & Tommaso Ciampa,Riddick Moss & Tino Sabbatelli
Asuka,Peyton Royce
Asuka,Nia Jax
Johnny Gargano & Tommaso Ciampa,Akira Tozawa & Tajiri
Johnny Gargano & Tommaso Ciampa,Dash Wilder & Scott Dawson
Asuka,Ember Moon & Peyton Royce
Asuka,Ember Moon & Nikki Cross
Asuka,Mandy Rose
Asuka,Mandy Rose
Asuka,Peyton Royce
Asuka,Daria Berenato
Asuka,Ember Moon
Asuka,Daria Berenato
Asuka,Peyton Royce
Asuka,Aliyah
Asuka,Peyton Royce
Asuka,Daria Berenato
Dash Wilder & Scott Dawson,Nick Miller & Shane Thorne
Asuka,Ember Moon
Dash Wilder & Scott Dawson,Niko Bogojevic & Tucker Knight
Asuka,Ember Moon
Johnny Gargano & Tommaso Ciampa,Dash Wilder & Scott Dawson
Asuka,Ember Moon
Johnny Gargano & Tommaso Ciampa,Dash Wilder & Scott Dawson
Asuka,Billie Kay
Asuka,Nia Jax
Johnny Gargano & Tommaso Ciampa,Dash Wilder & Scott Dawson
Asuka,Nia Jax
Asuka,Ember Moon
Asuka,Billie Kay
Dash Wilder & Scott Dawson,Chad Gable & Jason Jordan
Asuka,Billie Kay
Asuka,Alexa Bliss
Chad Gable & Jason Jordan,Dash Wilder & Scott Dawson
Asuka,Billie Kay
Chad Gable & Jason Jordan,Dash Wilder & Scott Dawson
Asuka,Nia Jax
Dash Wilder & Scott Dawson,Chad Gable & Jason Jordan
Asuka,Peyton Royce
Asuka,Alexa Bliss & Nia Jax
Asuka,Peyton Royce
Dash Wilder & Scott Dawson,Chad Gable & Jason Jordan
Asuka,Alexa Bliss & Nia Jax
Asuka,Carmella
Asuka,Peyton Royce
Chad Gable & Jason Jordan,Dash Wilder & Scott Dawson
Asuka,Alexa Bliss & Nia Jax
Chad Gable & Jason Jordan,Dash Wilder & Scott Dawson
Chad Gable & Jason Jordan,Dash Wilder & Scott Dawson
Chad Gable & Jason Jordan,Gzim Selmani & Sunny Dhinsa
Asuka,Alexa Bliss
Chad Gable & Jason Jordan,Gzim Selmani & Sunny Dhinsa
Chad Gable & Jason Jordan,Alexander Wolfe & Sawyer Fulton
Chad Gable & Jason Jordan,Dash Wilder & Scott Dawson
Asuka,Alexa Bliss
Asuka,Alexa Bliss
Chad Gable & Jason Jordan,Tino Sabbatelli & Tucker Knight
Chad Gable & Jason Jordan,Dash Wilder & Scott Dawson
Asuka,Nia Jax
Asuka,Alexa Bliss
Chad Gable & Jason Jordan,Alexander Wolfe & Sawyer Fulton
Chad Gable & Jason Jordan,Alexander Wolfe & Sawyer Fulton
Asuka,Eva Marie
Chad Gable & Jason Jordan,Alexander Wolfe & Sawyer Fulton
Asuka,Alexa Bliss & Bayley
Chad Gable & Jason Jordan,Dash Wilder & Scott Dawson
Chad Gable & Jason Jordan,Dash Wilder & Scott Dawson
Asuka,Alexa Bliss
Chad Gable & Jason Jordan,Dash Wilder & Scott Dawson
Asuka,Peyton Royce
Chad Gable & Jason Jordan,Dash Wilder & Scott Dawson
Asuka,Alexa Bliss
Asuka,Aliyah
Chad Gable & Jason Jordan,Riddick Moss & Tino Sabbatelli
Asuka,Peyton Royce
Chad Gable & Jason Jordan,Alexander Wolfe & Sawyer Fulton
Asuka,Adrienne Reese
Chad Gable & Jason Jordan,Dash Wilder & Scott Dawson
Asuka,Peyton Royce
Chad Gable & Jason Jordan,Dash Wilder & Scott Dawson
Asuka,Eva Marie
Chad Gable & Jason Jordan,Dash Wilder & Scott Dawson
Asuka,Peyton Royce
Chad Gable & Jason Jordan,Dash Wilder & Scott Dawson
Bayley,Mandy Rose
Dash Wilder & Scott Dawson,Kenneth Crawford & Patrick Clark
Bayley,Aliyah
Bayley,Emma
Chad Gable & Jason Jordan,Dash Wilder & Scott Dawson
Dash Wilder & Scott Dawson,Chad Gable & Jason Jordan
Bayley,Nia Jax
Bayley,Asuka & Billie Kay & Peyton Royce
Bayley,Asuka & Billie Kay & Peyton Royce
Bayley,Nia Jax
Bayley,Emma
Dash Wilder & Scott Dawson,King Constantine & Thomas Kingdon
Chad Gable & Jason Jordan,Dash Wilder & Scott Dawson
Bayley,Alexa Bliss
Dash Wilder & Scott Dawson,Johnny Gargano & Tommaso Ciampa
Dash Wilder & Scott Dawson,Chad Gable & Jason Jordan
Bayley,Emma
Dash Wilder & Scott Dawson,Rich Swann & Tucker Knight
Bayley,Alexa Bliss & Asuka & Emma
Bayley,Nia Jax
Dash Wilder & Scott Dawson,Chad Gable & Jason Jordan
Bayley,Alexa Bliss
Bayley,Eva Marie
Dash Wilder & Scott Dawson,Chad Gable & Jason Jordan
Bayley,Alexa Bliss
Bayley,Liv Morgan
Dash Wilder & Scott Dawson,Mojo Rawley & Zack Ryder
Bayley,Alexa Bliss
Dash Wilder & Scott Dawson,Chad Gable & Jason Jordan
Bayley,Emma
Dash Wilder & Scott Dawson,Johnny Gargano & Tommaso Ciampa
Bayley,Nia Jax
Bayley,Nia Jax
Chad Gable & Jason Jordan,Dash Wilder & Scott Dawson
Dash Wilder & Scott Dawson,Big Cass & Enzo Amore
Bayley,Alexa Bliss
Bayley,Carmella
Dash Wilder & Scott Dawson,Colin Cassady & Enzo Amore
Bayley,Nia Jax
Colin Cassady & Enzo Amore,Dash Wilder & Scott Dawson
Bayley,Alexa Bliss
Dash Wilder & Scott Dawson,Colin Cassady & Enzo Amore
Bayley,Alexa Bliss
Dash Wilder & Scott Dawson,Big Cass & Enzo Amore
Bayley,Nia Jax
Bayley,Peyton Royce
Dash Wilder & Scott Dawson,Chad Gable & Jason Jordan
Bayley,Emma
Dash Wilder & Scott Dawson,Chad Gable & Jason Jordan
Dash Wilder & Scott Dawson,Big Cass & Enzo Amore
Bayley,Emma
Bayley,Emma
Dash Wilder & Scott Dawson,Chad Gable & Jason Jordan
Dash Wilder & Scott Dawson,Chad Gable & Jason Jordan
Bayley,Emma
Dash Wilder & Scott Dawson,Chad Gable & Jason Jordan
Bayley,Emma
Aiden English & Simon Gotch,Dash Wilder & Scott Dawson
Bayley,Billie Kay
Dash Wilder & Scott Dawson,Chad Gable & Jason Jordan
Dash Wilder & Scott Dawson,Hugo Knox & Tucker Knight
Bayley,Nia Jax
Dash Wilder & Scott Dawson,Aiden English & Simon Gotch
Bayley,Eva Marie
Chad Gable & Jason Jordan,Dash Wilder & Scott Dawson
Aiden English & Simon Gotch,Dash Wilder & Scott Dawson
Dash Wilder & Scott Dawson,Aiden English & Blake & Chad Gable & Jason Jordan & Murphy & Simon Gotch
Chad Gable & Jason Jordan,Dash Wilder & Scott Dawson
Dash Wilder & Scott Dawson,Colin Cassady & Enzo Amore
Bayley,Emma
Bayley,Alexa Bliss
Dash Wilder & Scott Dawson,Aiden English & Simon Gotch
Bayley,Alexa Bliss
Aiden English & Simon Gotch,Blake & Chad Gable & Jason Jordan & Mojo Rawley & Murphy & Zack Ryder
Bayley,Eva Marie
Bayley,Cameron
Aiden English & Simon Gotch,Dash Wilder & Scott Dawson
Aiden English & Simon Gotch,Chad Gable & Jason Jordan
Bayley,Emma
Bayley,Alexa Bliss
Aiden English & Simon Gotch,Dash Wilder & Scott Dawson
Bayley,Alexa Bliss & Emma
Aiden English & Simon Gotch,Dash Wilder & Scott Dawson
Bayley,Gionna Daddio
Aiden English & Simon Gotch,Chad Gable & Jason Jordan
Bayley,Dana Brooke & Emma
Bayley,Dana Brooke
Aiden English & Simon Gotch,Blake & Murphy
Bayley,Nia Jax
Aiden English & Simon Gotch,Chad Gable & Jason Jordan
Bayley,Emma
Bayley,Carmella
Bayley,Nia Jax
Bayley,Emma
Aiden English & Simon Gotch,Blake & Murphy
Aiden English & Simon Gotch,Blake & Chad Gable & Dash Wilder & Jason Jordan & Murphy & Scott Dawson
Aiden English & Simon Gotch,Blake & Murphy
Blake & Murphy,Aiden English & Simon Gotch
Blake & Murphy,Aiden English & Big Cass & Enzo Amore & Simon Gotch
Blake & Murphy,Mojo Rawley & Zack Ryder
Sasha Banks,Charlotte
Blake & Murphy,Mojo Rawley & Zack Ryder
Sasha Banks,Charlotte
Sasha Banks,Becky Lynch
Sasha Banks,Becky Lynch
Blake & Murphy,Colin Cassady & Enzo Amore
Sasha Banks,Charlotte
Sasha Banks,Bayley & Becky Lynch & Charlotte
Blake & Murphy,Jason Jordan & Solomon Crowe
Sasha Banks,Charlotte
Blake & Murphy,Aiden English & Simon Gotch
Sasha Banks,Charlotte
Buddy Murphy & Wesley Blake,Aiden English & Simon Gotch
Sasha Banks,Bayley
Sasha Banks,Charlotte
Blake & Murphy,Dash Wilder & Scott Dawson
Sasha Banks,Becky Lynch & Charlotte
Blake & Murphy,Aiden English & Colin Cassady & Enzo Amore & Simon Gotch
Sasha Banks,Charlotte
Blake & Murphy,Sawyer Fulton & Tucker Knight
Sasha Banks,Charlotte
Sasha Banks,Alexa Bliss & Bayley & Charlotte
Blake & Murphy,Aiden English & Simon Gotch
Blake & Murphy,Aiden English & Simon Gotch
Sasha Banks,Alexa Bliss
Sasha Banks,Charlotte
Buddy Murphy & Wesley Blake,Aiden English & Simon Gotch
Blake & Murphy,Aiden English & Simon Gotch
Buddy Murphy & Wesley Blake,Aiden English & Simon Gotch
Charlotte,Sasha Banks
Kalisto & Sin Cara,Aiden English & Simon Gotch
Kalisto & Sin Cara,Aiden English & Simon Gotch
Kalisto & Sin Cara,Aiden English & Simon Gotch
Kalisto & Sin Cara,Aiden English & Simon Gotch
Kalisto & Sin Cara,Konnor & Viktor
Kalisto & Sin Cara,Konnor & Viktor
Charlotte,Becky Lynch
Charlotte,Becky Lynch
Charlotte,Bayley
Kalisto & Sin Cara,Konnor & Viktor
Konnor & Viktor,Aiden English & Simon Gotch
Charlotte,Bayley
Charlotte,Bayley
Charlotte,Summer Rae
Konnor & Viktor,Camacho & Wesley Blake
Konnor & Viktor,Sami Zayn & Tyson Kidd
Konnor & Viktor,Jason Jordan & Tye Dillinger
Konnor & Viktor,Baron Corbin & Jason Jordan & Oliver Grey & Sawyer Fulton
Konnor & Viktor,Marcus Louis & Sylvester Lefort
Konnor O'Brian & Rick Viktor,Jason Jordan & Tye Dillinger
Konnor O'Brian & Rick Viktor,Jason Jordan & Mason Ryan
Conor O'Brian & Rick Victor,Camacho & Hunico
Paige,Natalya
Conor O'Brian & Rick Victor,Adrian Neville & Alexander Rusev & Colin Cassady & Corey Graves & Enzo Amore & Scott Dawson
Conor O'Brian & Rick Victor,Colin Cassady & Enzo Amore
Paige,Emma
Conor O'Brian & Rick Victor,Adrian Neville & Corey Graves
Adrian Neville & Corey Graves,Conor O'Brian & Rick Victor
Adrian Neville & Corey Graves,Leo Kruger & Rick Victor
Adrian Neville & Corey Graves,Conor O'Brian & Rick Victor
Adrian Neville & Corey Graves,Leo Kruger & Sami Zayn
Adrian Neville & Corey Graves,Kassius Ohno & Sami Zayn
Adrian Neville & Corey Graves,Leo Kruger & Sami Zayn
Paige,Summer Rae
Paige,Bayley
Erick Rowan & Luke Harper,Corey Graves & Kassius Ohno
Erick Rowan & Luke Harper,Adrian Neville & Bo Dallas
Becky Lynch,Tiffany Stratton
Becky Lynch,Zoey Stark
Becky Lynch,Tiffany Stratton
Toni Storm,Bianca BelAir & Nikki Cross
Toni Storm,Rhea Ripley
Rhea Ripley,Dakota Kai
Asuka,Becky Lynch
Asuka,Natalya
Konnor & Viktor,R-Truth & Xavier Woods
Lyra Valkyria,Karmen Petrovic & Tiffany Stratton
Andre Chase & Duke Hudson,"Angel Garza & Channing ""Stacks"" Lorenzo & Humberto Carrillo & Tony D'Angelo"
"Channing ""Stacks"" Lorenzo & Tony D'Angelo",Noam Dar & Oro Mensah
Tiffany Stratton,Ivy Nile
Tiffany Stratton,Valentina Feroz
"Channing ""Stacks"" Lorenzo & Tony D'Angelo",Jagger Reid & Rip Fowler
Tiffany Stratton,Thea Hail
Mark Coffey & Wolfgang,Andre Chase & Duke Hudson
Tiffany Stratton,Kelani Jordan
Tiffany Stratton,Ivy Nile & Thea Hail
Tiffany Stratton,Thea Hail
Tiffany Stratton,Lyra Valkyria
Mark Coffey & Wolfgang,Brooks Jensen & Josh Briggs
Indi Hartwell,Cora Jade & Thea Hail
Alba Fyre & Isla Dawn,Katana Chance & Kayden Carter
Mark Coffey & Wolfgang,Hank Walker & Tank Ledger
Fallon Henley & Kiana James,Alba Fyre & Isla Dawn
Fallon Henley & Kiana James,Alba Fyre & Isla Dawn & Ivy Nile & Katana Chance & Kayden Carter & Tatum Paxley
Mark Coffey & Wolfgang,Brooks Jensen & Josh Briggs
Roxanne Perez,Lash Legend
Fallon Henley & Kiana James,Alba Fyre & Isla Dawn & Ivy Nile & Tatum Paxley
Mark Coffey & Wolfgang,Andre Chase & Duke Hudson
Fallon Henley & Kiana James,Elektra Lopez & Lola Vice
Roxanne Perez,Cora Jade
Katana Chance & Kayden Carter,Jakara Jackson & Lash Legend
Roxanne Perez,Cora Jade & Jacy Jayne & Thea Hail
Ivy Nile,Mandy Rose
Elton Prince & Kit Wilson,Edris Enofé & Malik Blade
Elton Prince & Kit Wilson,Carmelo Hayes & Trick Williams
Katana Chance & Kayden Carter,Elektra Lopez & Kiana James
Katana Chance & Kayden Carter,Jakara Jackson & Lash Legend
Elton Prince & Kit Wilson,Hank Walker & Unknown Male Wrestler
Mandy Rose,Thea Hail
Elton Prince & Kit Wilson,Edris Enofé & Malik Blade
Mandy Rose,Nikkita Lyons
Katana Chance & Kayden Carter,Arianna Grace & Kiana James
Mandy Rose,Ivy Nile
Brutus Creed & Julius Creed,Joe Coffey & Mark Coffey
Brutus Creed & Julius Creed,Andre Chase & Bodhi Hayward
Katana Chance & Kayden Carter,Jakara Jackson & Lash Legend
Zoey Stark,Mandy Rose
Mandy Rose,Ivy Nile
Brutus Creed & Julius Creed,Dyad #2 & Joe Gacy
Cora Jade & Roxanne Perez,Gigi Dolin & Jacy Jayne
Mandy Rose,Indi Hartwell
Matt Riddle & Pete Dunne,Brendan Vink & Shane Thorne
Matt Riddle & Pete Dunne,Brendan Vink & Shane Thorne
Rhea Ripley,Chelsea Green
Matt Riddle & Pete Dunne,Fabian Aichner & Marcel Barthel
Rhea Ripley,Chelsea Green
Rhea Ripley,Bianca BelAir
Matt Riddle & Pete Dunne,Bobby Fish & Kyle O'Reilly
Rhea Ripley,Bianca BelAir
Rhea Ripley,Shayna Baszler
Rhea Ripley,Shayna Baszler
Shayna Baszler,Candice LeRae
Shayna Baszler,Reina Gonzalez
Shayna Baszler,Dakota Kai
Bobby Fish & Kyle O'Reilly,Matt Riddle & Pete Dunne
Bobby Fish & Kyle O'Reilly,Angelo Dawkins & Montez Ford
Shayna Baszler,Candice LeRae
Shayna Baszler,Dakota Kai
Bobby Fish & Kyle O'Reilly,Fabian Aichner & Marcel Barthel
Shayna Baszler,Candice LeRae
Bobby Fish & Kyle O'Reilly,Angelo Dawkins & Montez Ford
Candice LeRae,Shayna Baszler
Bobby Fish & Kyle O'Reilly,Angelo Dawkins & Montez Ford
Kay Lee Ray,Taynara Conti
Mia Yim,Shayna Baszler
Shayna Baszler,Mia Yim
Angelo Dawkins & Montez Ford,Steve Cutler & Wesley Blake
Angelo Dawkins & Montez Ford,Steve Cutler & Wesley Blake
Shayna Baszler,Mia Yim
Angelo Dawkins & Montez Ford,Steve Cutler & Wesley Blake
Angelo Dawkins & Montez Ford,Steve Cutler & Wesley Blake
Shayna Baszler,Mia Yim
Angelo Dawkins & Montez Ford,Steve Cutler & Wesley Blake
Shayna Baszler,Rachel Evers
Angelo Dawkins & Montez Ford,Steve Cutler & Wesley Blake
Shayna Baszler,Mia Yim
Angelo Dawkins & Montez Ford,Steve Cutler & Wesley Blake
Shayna Baszler,Jessi Kamea
Angelo Dawkins & Montez Ford,Brendan Vink & Jermaine Haley
Angelo Dawkins & Montez Ford,Steve Cutler & Wesley Blake
Shayna Baszler,Jessie Elaban
Shayna Baszler,Kacy Catanzaro
Shayna Baszler,Kacy Catanzaro
Shayna Baszler,Kacy Catanzaro
Shayna Baszler,Kacy Catanzaro
Shayna Baszler,Mia Yim
Shayna Baszler,Io Shirai
Shayna Baszler,Bianca BelAir & Io Shirai & Kairi Sane
Hanson & Rowe,Angelo Dawkins & James Drake & Montez Ford & Steve Cutler & Wesley Blake & Zack Gibson
Hanson & Rowe,Bobby Fish & Kyle O'Reilly
Hanson & Rowe,Bobby Fish & Kyle O'Reilly
Hanson & Rowe,Kassius Ohno & Luke Menzies
Shayna Baszler,Bianca BelAir & Io Shirai & Kairi Sane
Shayna Baszler,Bianca BelAir
Hanson & Rowe,Bobby Fish & Kyle O'Reilly
Shayna Baszler,Bianca BelAir
Hanson & Rowe,Jaxson Ryker & Steve Cutler
Shayna Baszler,Mia Yim
Hanson & Rowe,Bobby Fish & Kyle O'Reilly
Shayna Baszler,Bianca BelAir
Shayna Baszler,Bianca BelAir
Hanson & Rowe,Kyle O'Reilly & Roderick Strong
Hanson & Rowe,Denzel Dejournette & Eric Bugenhagen
Hanson & Rowe,Steve Cutler & Wesley Blake
Hanson & Rowe,Fabian Aichner & Marcel Barthel
Shayna Baszler,Candice LeRae
Hanson & Rowe,Steve Cutler & Wesley Blake
Hanson & Rowe,Fabian Aichner & Marcel Barthel
Shayna Baszler,Candice LeRae
Bianca BelAir,Shayna Baszler
Hanson & Rowe,Bobby Fish & Roderick Strong
Bobby Fish & Roderick Strong,Humberto Carrillo & Raul Mendoza
Bianca BelAir,Shayna Baszler
Rhea Ripley,Aliyah & Bianca BelAir & Kairi Sane
Kyle O'Reilly & Roderick Strong,Otis Dozovic & Tucker Knight
Kairi Sane,Shayna Baszler
Kyle O'Reilly & Roderick Strong,Otis Dozovic & Tucker Knight
Shayna Baszler,Candice LeRae
Rhea Ripley,Reina Gonzalez
Rhea Ripley,Candice LeRae
Rhea Ripley,Nikki Cross
Kyle O'Reilly & Roderick Strong,Angelo Dawkins & Montez Ford
Rhea Ripley,Deonna Purrazzo
Kairi Sane,Lacey Evans
Rhea Ripley,Jessie Elaban
Rhea Ripley,Nikki Cross
Hanson & Rowe,Kyle O'Reilly & Roderick Strong
Hanson & Rowe,Kyle O'Reilly & Roderick Strong
Hanson & Rowe,Kyle O'Reilly & Roderick Strong
Rhea Ripley,Kacy Catanzaro
Shayna Baszler,Kairi Sane
Kyle O'Reilly & Roderick Strong,Trent Seven & Tyler Bate
Kyle O'Reilly & Roderick Strong,Nick Miller & Shane Thorne
Kyle O'Reilly & Roderick Strong,Angelo Dawkins & Montez Ford
Angelo Dawkins & Montez Ford,Kyle O'Reilly & Roderick Strong
Kyle O'Reilly & Roderick Strong,Otis Dozovic & Tucker Knight
Shayna Baszler,Candice LeRae
Kyle O'Reilly & Roderick Strong,Otis Dozovic & Tucker Knight
Shayna Baszler,Candice LeRae
Shayna Baszler,Nikki Cross
Kyle O'Reilly & Roderick Strong,Nick Miller & Shane Thorne
Shayna Baszler,Dakota Kai
Kyle O'Reilly & Roderick Strong,Danny Burch & Oney Lorcan
Kyle O'Reilly & Roderick Strong,Danny Burch & Oney Lorcan
Shayna Baszler,Nikki Cross
Kyle O'Reilly & Roderick Strong,Danny Burch & Oney Lorcan
Shayna Baszler,Nikki Cross
Shayna Baszler,Nikki Cross
Shayna Baszler,Candice LeRae
Pete Dunne & Tyler Bate,Kyle O'Reilly & Roderick Strong
Otis Dozovic & Tucker Knight,Kyle O'Reilly & Roderick Strong
Kyle O'Reilly & Roderick Strong,Angelo Dawkins & Montez Ford
Shayna Baszler,Dakota Kai
Kyle O'Reilly & Roderick Strong,Dash Wilder & Scott Dawson
Kyle O'Reilly & Roderick Strong,Angelo Dawkins & Montez Ford
Shayna Baszler,Dakota Kai
Kyle O'Reilly & Roderick Strong,Dash Wilder & Scott Dawson
Shayna Baszler,Dakota Kai
Kyle O'Reilly & Roderick Strong,Angelo Dawkins & Montez Ford
Shayna Baszler,Steffanie Newell
Shayna Baszler,Nikki Cross
Shayna Baszler,Kairi Sane
Shayna Baszler,Candice LeRae
Shayna Baszler,Dakota Kai
Kyle O'Reilly & Roderick Strong,Trent Seven & Tyler Bate
Ember Moon,Lacey Evans
Ember Moon,Shayna Baszler
Bobby Fish & Kyle O'Reilly,Otis Dozovic & Tucker Knight
Bobby Fish & Kyle O'Reilly,Angelo Dawkins & Montez Ford
Ember Moon,Aliyah & Nikki Cross
Bobby Fish & Kyle O'Reilly,Steve Cutler & Wesley Blake
Ember Moon,Bianca BelAir
Bobby Fish & Kyle O'Reilly,Angelo Dawkins & Montez Ford
Bobby Fish & Kyle O'Reilly,Akam & Rezar
Bobby Fish & Kyle O'Reilly,Otis Dozovic & Tucker Knight
Ember Moon,Bianca BelAir
Ember Moon,Bianca BelAir
Bobby Fish & Kyle O'Reilly,Nick Miller & Shane Thorne
Bobby Fish & Kyle O'Reilly,Otis Dozovic & Tucker Knight
Ember Moon,Vanessa Borne
Bobby Fish & Kyle O'Reilly,Angelo Dawkins & Montez Ford
Ember Moon,Sage Beckett
Bobby Fish & Kyle O'Reilly,Angelo Dawkins & Montez Ford
Ember Moon,Bianca BelAir
Ember Moon,Vanessa Borne
Bobby Fish & Kyle O'Reilly,Angelo Dawkins & Montez Ford
Ember Moon,Bianca BelAir
Ember Moon,Lacey Evans
Bobby Fish & Kyle O'Reilly,Akam & Rezar
Bobby Fish & Kyle O'Reilly,Eric Young & Killian Dain
Ember Moon,Bianca BelAir
Bobby Fish & Kyle O'Reilly,Eric Young & Killian Dain
Ember Moon,Bianca BelAir
Bobby Fish & Kyle O'Reilly,Eric Young & Killian Dain
Ember Moon,Sonya Deville
Alexander Wolfe & Eric Young,Bobby Fish & Kyle O'Reilly
Alexander Wolfe & Eric Young,Bobby Fish & Kyle O'Reilly
Alexander Wolfe & Eric Young,Bobby Fish & Kyle O'Reilly
Alexander Wolfe & Eric Young,Akam & Rezar
Akam & Rezar,Alexander Wolfe & Eric Young
Alexander Wolfe & Eric Young,Riddick Moss & Tino Sabbatelli
Alexander Wolfe & Eric Young,Riddick Moss & Tino Sabbatelli
Alexander Wolfe & Eric Young,Riddick Moss & Tino Sabbatelli
Alexander Wolfe & Eric Young,Otis Dozovic & Tucker Knight
Asuka,Ember Moon & Nikki Cross
Alexander Wolfe & Eric Young,Akam & Rezar
Asuka,Ember Moon
Alexander Wolfe & Eric Young,Akam & Rezar
Akam & Rezar,Alexander Wolfe & Eric Young
Asuka,Ember Moon & Nikki Cross
Akam & Rezar,Alexander Wolfe & Eric Young
Asuka,Nikki Cross
Akam & Rezar,Otis Dozovic & Tucker Knight
Asuka,Nikki Cross
Akam & Rezar,Otis Dozovic & Tucker Knight
Asuka,Nikki Cross
Akam & Rezar,Alexander Wolfe & Killian Dain
Akam & Rezar,Otis Dozovic & Tucker Knight
Asuka,Nikki Cross
Asuka,Nikki Cross
Akam & Rezar,Riddick Moss & Tino Sabbatelli
Asuka,Ember Moon
Asuka,Ruby Riot
Akam & Rezar,Gentleman Jack Gallagher & Wolfgang
Asuka,Ember Moon
Akam & Rezar,Alexander Wolfe & Killian Dain
Asuka,Peyton Royce
Akam & Rezar,Alexander Wolfe & Killian Dain
Asuka,Sonya Deville
Asuka,Bianca Blair
Asuka,Sonya Deville
Asuka,Sonya Deville
Akam & Rezar,Johnny Gargano & Tommaso Ciampa
Asuka,Ember Moon
Akam & Rezar,Johnny Gargano & Tommaso Ciampa
Asuka,Daria Berenato
Akam & Rezar,Dash Wilder & Johnny Gargano & Scott Dawson & Tommaso Ciampa
Akam & Rezar,Angelo Dawkins & Montez Ford
Akam & Rezar,Otis Dozovic & Tucker Knight
Asuka,Liv Morgan
Asuka,Nikki Cross
Akam & Rezar,Angelo Dawkins & Montez Ford
Akam & Rezar,Angelo Dawkins & Montez Ford
Asuka,Nikki Cross
Akam & Rezar,Otis Dozovic & Tucker Knight
Asuka,Ember Moon & Nikki Cross
Akam & Rezar,Johnny Gargano & Tommaso Ciampa
Asuka,Mandy Rose
Asuka,Ember Moon & Nikki Cross
Asuka,Peyton Royce
Akam & Rezar,Johnny Gargano & Tommaso Ciampa
Asuka,Peyton Royce
Johnny Gargano & Tommaso Ciampa,Dash Wilder & Scott Dawson
Asuka,Billie Kay & Nikki Cross & Peyton Royce
Johnny Gargano & Tommaso Ciampa,Akam & Rezar
Asuka,Nikki Cross & Peyton Royce
Johnny Gargano & Tommaso Ciampa,Akam & Rezar
Asuka,Billie Kay & Nikki Cross
Johnny Gargano & Tommaso Ciampa,Dash Wilder & Scott Dawson
Johnny Gargano & Tommaso Ciampa,Dash Wilder & Scott Dawson
Asuka,Ember Moon
Asuka,Ember Moon
Johnny Gargano & Tommaso Ciampa,Dash Wilder & Scott Dawson
Johnny Gargano & Tommaso Ciampa,Riddick Moss & Tino Sabbatelli
Asuka,Ember Moon
Johnny Gargano & Tommaso Ciampa,Dash Wilder & Scott Dawson
Asuka,Peyton Royce
Asuka,Peyton Royce
Johnny Gargano & Tommaso Ciampa,Riddick Moss & Tino Sabbatelli
Johnny Gargano & Tommaso Ciampa,Riddick Moss & Tino Sabbatelli
Asuka,Peyton Royce
Asuka,Nia Jax
Johnny Gargano & Tommaso Ciampa,Akira Tozawa & Tajiri
Johnny Gargano & Tommaso Ciampa,Dash Wilder & Scott Dawson
Asuka,Ember Moon & Peyton Royce
Asuka,Ember Moon & Nikki Cross
Asuka,Mandy Rose
Asuka,Mandy Rose
Asuka,Peyton Royce
Asuka,Daria Berenato
Asuka,Ember Moon
Asuka,Daria Berenato
Asuka,Peyton Royce
Asuka,Aliyah
Asuka,Peyton Royce
Asuka,Daria Berenato
Dash Wilder & Scott Dawson,Nick Miller & Shane Thorne
Asuka,Ember Moon
Dash Wilder & Scott Dawson,Niko Bogojevic & Tucker Knight
Asuka,Ember Moon
Johnny Gargano & Tommaso Ciampa,Dash Wilder & Scott Dawson
Asuka,Ember Moon
Johnny Gargano & Tommaso Ciampa,Dash Wilder & Scott Dawson
Asuka,Billie Kay
Asuka,Nia Jax
Johnny Gargano & Tommaso Ciampa,Dash Wilder & Scott Dawson
Asuka,Nia Jax
Asuka,Ember Moon
Asuka,Billie Kay
Dash Wilder & Scott Dawson,Chad Gable & Jason Jordan
Asuka,Billie Kay
Asuka,Alexa Bliss
Chad Gable & Jason Jordan,Dash Wilder & Scott Dawson
Asuka,Billie Kay
Chad Gable & Jason Jordan,Dash Wilder & Scott Dawson
Asuka,Nia Jax
Dash Wilder & Scott Dawson,Chad Gable & Jason Jordan
Asuka,Peyton Royce
Asuka,Alexa Bliss & Nia Jax
Asuka,Peyton Royce
Dash Wilder & Scott Dawson,Chad Gable & Jason Jordan
Asuka,Alexa Bliss & Nia Jax
Asuka,Carmella
Asuka,Peyton Royce
Chad Gable & Jason Jordan,Dash Wilder & Scott Dawson
Asuka,Alexa Bliss & Nia Jax
Chad Gable & Jason Jordan,Dash Wilder & Scott Dawson
Chad Gable & Jason Jordan,Dash Wilder & Scott Dawson
Chad Gable & Jason Jordan,Gzim Selmani & Sunny Dhinsa
Asuka,Alexa Bliss
Chad Gable & Jason Jordan,Gzim Selmani & Sunny Dhinsa
Chad Gable & Jason Jordan,Alexander Wolfe & Sawyer Fulton
Chad Gable & Jason Jordan,Dash Wilder & Scott Dawson
Asuka,Alexa Bliss
Asuka,Alexa Bliss
Chad Gable & Jason Jordan,Tino Sabbatelli & Tucker Knight
Chad Gable & Jason Jordan,Dash Wilder & Scott Dawson
Asuka,Nia Jax
Asuka,Alexa Bliss
Chad Gable & Jason Jordan,Alexander Wolfe & Sawyer Fulton
Chad Gable & Jason Jordan,Alexander Wolfe & Sawyer Fulton
Asuka,Eva Marie
Chad Gable & Jason Jordan,Alexander Wolfe & Sawyer Fulton
Asuka,Alexa Bliss & Bayley
Chad Gable & Jason Jordan,Dash Wilder & Scott Dawson
Chad Gable & Jason Jordan,Dash Wilder & Scott Dawson
Asuka,Alexa Bliss
Chad Gable & Jason Jordan,Dash Wilder & Scott Dawson
Asuka,Peyton Royce
Chad Gable & Jason Jordan,Dash Wilder & Scott Dawson
Asuka,Alexa Bliss
Asuka,Aliyah
Chad Gable & Jason Jordan,Riddick Moss & Tino Sabbatelli
Asuka,Peyton Royce
Chad Gable & Jason Jordan,Alexander Wolfe & Sawyer Fulton
Asuka,Adrienne Reese
Chad Gable & Jason Jordan,Dash Wilder & Scott Dawson
Asuka,Peyton Royce
Chad Gable & Jason Jordan,Dash Wilder & Scott Dawson
Asuka,Eva Marie
Chad Gable & Jason Jordan,Dash Wilder & Scott Dawson
Asuka,Peyton Royce
Chad Gable & Jason Jordan,Dash Wilder & Scott Dawson
Bayley,Mandy Rose
Dash Wilder & Scott Dawson,Kenneth Crawford & Patrick Clark
Bayley,Aliyah
Bayley,Emma
Chad Gable & Jason Jordan,Dash Wilder & Scott Dawson
Dash Wilder & Scott Dawson,Chad Gable & Jason Jordan
Bayley,Nia Jax
Bayley,Asuka & Billie Kay & Peyton Royce
Bayley,Asuka & Billie Kay & Peyton Royce
Bayley,Nia Jax
Bayley,Emma
Dash Wilder & Scott Dawson,King Constantine & Thomas Kingdon
Chad Gable & Jason Jordan,Dash Wilder & Scott Dawson
Bayley,Alexa Bliss
Dash Wilder & Scott Dawson,Johnny Gargano & Tommaso Ciampa
Dash Wilder & Scott Dawson,Chad Gable & Jason Jordan
Bayley,Emma
Dash Wilder & Scott Dawson,Rich Swann & Tucker Knight
Bayley,Alexa Bliss & Asuka & Emma
Bayley,Nia Jax
Dash Wilder & Scott Dawson,Chad Gable & Jason Jordan
Bayley,Alexa Bliss
Bayley,Eva Marie
Dash Wilder & Scott Dawson,Chad Gable & Jason Jordan
Bayley,Alexa Bliss
Bayley,Liv Morgan
Dash Wilder & Scott Dawson,Mojo Rawley & Zack Ryder
Bayley,Alexa Bliss
Dash Wilder & Scott Dawson,Chad Gable & Jason Jordan
Bayley,Emma
Dash Wilder & Scott Dawson,Johnny Gargano & Tommaso Ciampa
Bayley,Nia Jax
Bayley,Nia Jax
Chad Gable & Jason Jordan,Dash Wilder & Scott Dawson
Dash Wilder & Scott Dawson,Big Cass & Enzo Amore
Bayley,Alexa Bliss
Bayley,Carmella
Dash Wilder & Scott Dawson,Colin Cassady & Enzo Amore
Bayley,Nia Jax
Colin Cassady & Enzo Amore,Dash Wilder & Scott Dawson
Bayley,Alexa Bliss
Dash Wilder & Scott Dawson,Colin Cassady & Enzo Amore
Bayley,Alexa Bliss
Dash Wilder & Scott Dawson,Big Cass & Enzo Amore
Bayley,Nia Jax
Bayley,Peyton Royce
Dash Wilder & Scott Dawson,Chad Gable & Jason Jordan
Bayley,Emma
Dash Wilder & Scott Dawson,Chad Gable & Jason Jordan
Dash Wilder & Scott Dawson,Big Cass & Enzo Amore
Bayley,Emma
Bayley,Emma
Dash Wilder & Scott Dawson,Chad Gable & Jason Jordan
Dash Wilder & Scott Dawson,Chad Gable & Jason Jordan
Bayley,Emma
Dash Wilder & Scott Dawson,Chad Gable & Jason Jordan
Bayley,Emma
Aiden English & Simon Gotch,Dash Wilder & Scott Dawson
Bayley,Billie Kay
Dash Wilder & Scott Dawson,Chad Gable & Jason Jordan
Dash Wilder & Scott Dawson,Hugo Knox & Tucker Knight
Bayley,Nia Jax
Dash Wilder & Scott Dawson,Aiden English & Simon Gotch
Bayley,Eva Marie
Chad Gable & Jason Jordan,Dash Wilder & Scott Dawson
Aiden English & Simon Gotch,Dash Wilder & Scott Dawson
Dash Wilder & Scott Dawson,Aiden English & Blake & Chad Gable & Jason Jordan & Murphy & Simon Gotch
Chad Gable & Jason Jordan,Dash Wilder & Scott Dawson
Dash Wilder & Scott Dawson,Colin Cassady & Enzo Amore
Bayley,Emma
Bayley,Alexa Bliss
Dash Wilder & Scott Dawson,Aiden English & Simon Gotch
Bayley,Alexa Bliss
Aiden English & Simon Gotch,Blake & Chad Gable & Jason Jordan & Mojo Rawley & Murphy & Zack Ryder
Bayley,Eva Marie
Bayley,Cameron
Aiden English & Simon Gotch,Dash Wilder & Scott Dawson
Aiden English & Simon Gotch,Chad Gable & Jason Jordan
Bayley,Emma
Bayley,Alexa Bliss
Aiden English & Simon Gotch,Dash Wilder & Scott Dawson
Bayley,Alexa Bliss & Emma
Aiden English & Simon Gotch,Dash Wilder & Scott Dawson
Bayley,Gionna Daddio
Aiden English & Simon Gotch,Chad Gable & Jason Jordan
Bayley,Dana Brooke & Emma
Bayley,Dana Brooke
Aiden English & Simon Gotch,Blake & Murphy
Bayley,Nia Jax
Aiden English & Simon Gotch,Chad Gable & Jason Jordan
Bayley,Emma
Bayley,Carmella
Bayley,Nia Jax
Bayley,Emma
Aiden English & Simon Gotch,Blake & Murphy
Aiden English & Simon Gotch,Blake & Chad Gable & Dash Wilder & Jason Jordan & Murphy & Scott Dawson
Aiden English & Simon Gotch,Blake & Murphy
Blake & Murphy,Aiden English & Simon Gotch
Blake & Murphy,Aiden English & Big Cass & Enzo Amore & Simon Gotch
Blake & Murphy,Mojo Rawley & Zack Ryder
Sasha Banks,Charlotte
Blake & Murphy,Mojo Rawley & Zack Ryder
Sasha Banks,Charlotte
Sasha Banks,Becky Lynch
Sasha Banks,Becky Lynch
Blake & Murphy,Colin Cassady & Enzo Amore
Sasha Banks,Charlotte
Sasha Banks,Bayley & Becky Lynch & Charlotte
Blake & Murphy,Jason Jordan & Solomon Crowe
Sasha Banks,Charlotte
Blake & Murphy,Aiden English & Simon Gotch
Sasha Banks,Charlotte
Buddy Murphy & Wesley Blake,Aiden English & Simon Gotch
Sasha Banks,Bayley
Sasha Banks,Charlotte
Blake & Murphy,Dash Wilder & Scott Dawson
Sasha Banks,Becky Lynch & Charlotte
Blake & Murphy,Aiden English & Colin Cassady & Enzo Amore & Simon Gotch
Sasha Banks,Charlotte
Blake & Murphy,Sawyer Fulton & Tucker Knight
Sasha Banks,Charlotte
Sasha Banks,Alexa Bliss & Bayley & Charlotte
Blake & Murphy,Aiden English & Simon Gotch
Blake & Murphy,Aiden English & Simon Gotch
Sasha Banks,Alexa Bliss
Sasha Banks,Charlotte
Buddy Murphy & Wesley Blake,Aiden English & Simon Gotch
Blake & Murphy,Aiden English & Simon Gotch
Buddy Murphy & Wesley Blake,Aiden English & Simon Gotch
Charlotte,Sasha Banks
Kalisto & Sin Cara,Aiden English & Simon Gotch
Kalisto & Sin Cara,Aiden English & Simon Gotch
Kalisto & Sin Cara,Aiden English & Simon Gotch
Kalisto & Sin Cara,Aiden English & Simon Gotch
Kalisto & Sin Cara,Konnor & Viktor
Kalisto & Sin Cara,Konnor & Viktor
Charlotte,Becky Lynch
Charlotte,Becky Lynch
Charlotte,Bayley
Kalisto & Sin Cara,Konnor & Viktor
Konnor & Viktor,Aiden English & Simon Gotch
Charlotte,Bayley
Charlotte,Bayley
Charlotte,Summer Rae
Konnor & Viktor,Camacho & Wesley Blake
Konnor & Viktor,Sami Zayn & Tyson Kidd
Konnor & Viktor,Jason Jordan & Tye Dillinger
Konnor & Viktor,Baron Corbin & Jason Jordan & Oliver Grey & Sawyer Fulton
Konnor & Viktor,Marcus Louis & Sylvester Lefort
Konnor O'Brian & Rick Viktor,Jason Jordan & Tye Dillinger
Konnor O'Brian & Rick Viktor,Jason Jordan & Mason Ryan
Conor O'Brian & Rick Victor,Camacho & Hunico
Paige,Natalya
Conor O'Brian & Rick Victor,Adrian Neville & Alexander Rusev & Colin Cassady & Corey Graves & Enzo Amore & Scott Dawson
Conor O'Brian & Rick Victor,Colin Cassady & Enzo Amore
Paige,Emma
Conor O'Brian & Rick Victor,Adrian Neville & Corey Graves
Adrian Neville & Corey Graves,Conor O'Brian & Rick Victor
Adrian Neville & Corey Graves,Leo Kruger & Rick Victor
Adrian Neville & Corey Graves,Conor O'Brian & Rick Victor
Adrian Neville & Corey Graves,Leo Kruger & Sami Zayn
Adrian Neville & Corey Graves,Kassius Ohno & Sami Zayn
Adrian Neville & Corey Graves,Leo Kruger & Sami Zayn
Paige,Summer Rae
Paige,Bayley
Erick Rowan & Luke Harper,Corey Graves & Kassius Ohno
Erick Rowan & Luke Harper,Adrian Neville & Bo Dallas
Lyra Valkyria,Xia Li
Andre Chase & Duke Hudson,"Channing ""Stacks"" Lorenzo & Tony D'Angelo"
Becky Lynch,Tiffany Stratton
Becky Lynch,Zoey Stark
Becky Lynch,Tiffany Stratton
Toni Storm,Bianca BelAir & Nikki Cross
Toni Storm,Rhea Ripley
Rhea Ripley,Dakota Kai
Asuka,Becky Lynch
Asuka,Natalya
Konnor & Viktor,R-Truth & Xavier Woods
Lyra Valkyria,Karmen Petrovic & Tiffany Stratton
Andre Chase & Duke Hudson,"Angel Garza & Channing ""Stacks"" Lorenzo & Humberto Carrillo & Tony D'Angelo"
"Channing ""Stacks"" Lorenzo & Tony D'Angelo",Noam Dar & Oro Mensah
Tiffany Stratton,Ivy Nile
Tiffany Stratton,Valentina Feroz
"Channing ""Stacks"" Lorenzo & Tony D'Angelo",Jagger Reid & Rip Fowler
Tiffany Stratton,Thea Hail
Mark Coffey & Wolfgang,Andre Chase & Duke Hudson
Tiffany Stratton,Kelani Jordan
Tiffany Stratton,Ivy Nile & Thea Hail
Tiffany Stratton,Thea Hail
Tiffany Stratton,Lyra Valkyria
Mark Coffey & Wolfgang,Brooks Jensen & Josh Briggs
Indi Hartwell,Cora Jade & Thea Hail
Alba Fyre & Isla Dawn,Katana Chance & Kayden Carter
Mark Coffey & Wolfgang,Hank Walker & Tank Ledger
Fallon Henley & Kiana James,Alba Fyre & Isla Dawn
Fallon Henley & Kiana James,Alba Fyre & Isla Dawn & Ivy Nile & Katana Chance & Kayden Carter & Tatum Paxley
Mark Coffey & Wolfgang,Brooks Jensen & Josh Briggs
Roxanne Perez,Lash Legend
Fallon Henley & Kiana James,Alba Fyre & Isla Dawn & Ivy Nile & Tatum Paxley
Mark Coffey & Wolfgang,Andre Chase & Duke Hudson
Fallon Henley & Kiana James,Elektra Lopez & Lola Vice
Roxanne Perez,Cora Jade
Katana Chance & Kayden Carter,Jakara Jackson & Lash Legend
Roxanne Perez,Cora Jade & Jacy Jayne & Thea Hail
Ivy Nile,Mandy Rose
Elton Prince & Kit Wilson,Edris Enofé & Malik Blade
Elton Prince & Kit Wilson,Carmelo Hayes & Trick Williams
Katana Chance & Kayden Carter,Elektra Lopez & Kiana James
Katana Chance & Kayden Carter,Jakara Jackson & Lash Legend
Elton Prince & Kit Wilson,Hank Walker & Unknown Male Wrestler
Mandy Rose,Thea Hail
Elton Prince & Kit Wilson,Edris Enofé & Malik Blade
Mandy Rose,Nikkita Lyons
Katana Chance & Kayden Carter,Arianna Grace & Kiana James
Mandy Rose,Ivy Nile
Brutus Creed & Julius Creed,Joe Coffey & Mark Coffey
Brutus Creed & Julius Creed,Andre Chase & Bodhi Hayward
Katana Chance & Kayden Carter,Jakara Jackson & Lash Legend
Zoey Stark,Mandy Rose
Mandy Rose,Ivy Nile
Brutus Creed & Julius Creed,Dyad #2 & Joe Gacy
Cora Jade & Roxanne Perez,Gigi Dolin & Jacy Jayne
Mandy Rose,Indi Hartwell
Matt Riddle & Pete Dunne,Brendan Vink & Shane Thorne
Matt Riddle & Pete Dunne,Brendan Vink & Shane Thorne
Rhea Ripley,Chelsea Green
Matt Riddle & Pete Dunne,Fabian Aichner & Marcel Barthel
Rhea Ripley,Chelsea Green
Rhea Ripley,Bianca BelAir
Matt Riddle & Pete Dunne,Bobby Fish & Kyle O'Reilly
Rhea Ripley,Bianca BelAir
Rhea Ripley,Shayna Baszler
Rhea Ripley,Shayna Baszler
Shayna Baszler,Candice LeRae
Shayna Baszler,Reina Gonzalez
Shayna Baszler,Dakota Kai
Bobby Fish & Kyle O'Reilly,Matt Riddle & Pete Dunne
Bobby Fish & Kyle O'Reilly,Angelo Dawkins & Montez Ford
Shayna Baszler,Candice LeRae
Shayna Baszler,Dakota Kai
Bobby Fish & Kyle O'Reilly,Fabian Aichner & Marcel Barthel
Shayna Baszler,Candice LeRae
Bobby Fish & Kyle O'Reilly,Angelo Dawkins & Montez Ford
Candice LeRae,Shayna Baszler
Bobby Fish & Kyle O'Reilly,Angelo Dawkins & Montez Ford
Kay Lee Ray,Taynara Conti
Mia Yim,Shayna Baszler
Shayna Baszler,Mia Yim
Angelo Dawkins & Montez Ford,Steve Cutler & Wesley Blake
Angelo Dawkins & Montez Ford,Steve Cutler & Wesley Blake
Shayna Baszler,Mia Yim
Angelo Dawkins & Montez Ford,Steve Cutler & Wesley Blake
Angelo Dawkins & Montez Ford,Steve Cutler & Wesley Blake
Shayna Baszler,Mia Yim
Angelo Dawkins & Montez Ford,Steve Cutler & Wesley Blake
Shayna Baszler,Rachel Evers
Angelo Dawkins & Montez Ford,Steve Cutler & Wesley Blake
Shayna Baszler,Mia Yim
Angelo Dawkins & Montez Ford,Steve Cutler & Wesley Blake
Shayna Baszler,Jessi Kamea
Angelo Dawkins & Montez Ford,Brendan Vink & Jermaine Haley
Angelo Dawkins & Montez Ford,Steve Cutler & Wesley Blake
Shayna Baszler,Jessie Elaban
Shayna Baszler,Kacy Catanzaro
Shayna Baszler,Kacy Catanzaro
Shayna Baszler,Kacy Catanzaro
Shayna Baszler,Kacy Catanzaro
Shayna Baszler,Mia Yim
Shayna Baszler,Io Shirai
Shayna Baszler,Bianca BelAir & Io Shirai & Kairi Sane
Hanson & Rowe,Angelo Dawkins & James Drake & Montez Ford & Steve Cutler & Wesley Blake & Zack Gibson
Hanson & Rowe,Bobby Fish & Kyle O'Reilly
Hanson & Rowe,Bobby Fish & Kyle O'Reilly
Hanson & Rowe,Kassius Ohno & Luke Menzies
Shayna Baszler,Bianca BelAir & Io Shirai & Kairi Sane
Shayna Baszler,Bianca BelAir
Hanson & Rowe,Bobby Fish & Kyle O'Reilly
Shayna Baszler,Bianca BelAir
Hanson & Rowe,Jaxson Ryker & Steve Cutler
Shayna Baszler,Mia Yim
Hanson & Rowe,Bobby Fish & Kyle O'Reilly
Shayna Baszler,Bianca BelAir
Shayna Baszler,Bianca BelAir
Hanson & Rowe,Kyle O'Reilly & Roderick Strong
Hanson & Rowe,Denzel Dejournette & Eric Bugenhagen
Hanson & Rowe,Steve Cutler & Wesley Blake
Hanson & Rowe,Fabian Aichner & Marcel Barthel
Shayna Baszler,Candice LeRae
Hanson & Rowe,Steve Cutler & Wesley Blake
Hanson & Rowe,Fabian Aichner & Marcel Barthel
Shayna Baszler,Candice LeRae
Bianca BelAir,Shayna Baszler
Hanson & Rowe,Bobby Fish & Roderick Strong
Bobby Fish & Roderick Strong,Humberto Carrillo & Raul Mendoza
Bianca BelAir,Shayna Baszler
Rhea Ripley,Aliyah & Bianca BelAir & Kairi Sane
Kyle O'Reilly & Roderick Strong,Otis Dozovic & Tucker Knight
Kairi Sane,Shayna Baszler
Kyle O'Reilly & Roderick Strong,Otis Dozovic & Tucker Knight
Shayna Baszler,Candice LeRae
Rhea Ripley,Reina Gonzalez
Rhea Ripley,Candice LeRae
Rhea Ripley,Nikki Cross
Kyle O'Reilly & Roderick Strong,Angelo Dawkins & Montez Ford
Rhea Ripley,Deonna Purrazzo
Kairi Sane,Lacey Evans
Rhea Ripley,Jessie Elaban
Rhea Ripley,Nikki Cross
Hanson & Rowe,Kyle O'Reilly & Roderick Strong
Hanson & Rowe,Kyle O'Reilly & Roderick Strong
Hanson & Rowe,Kyle O'Reilly & Roderick Strong
Rhea Ripley,Kacy Catanzaro
Shayna Baszler,Kairi Sane
Kyle O'Reilly & Roderick Strong,Trent Seven & Tyler Bate
Kyle O'Reilly & Roderick Strong,Nick Miller & Shane Thorne
Kyle O'Reilly & Roderick Strong,Angelo Dawkins & Montez Ford
Angelo Dawkins & Montez Ford,Kyle O'Reilly & Roderick Strong
Kyle O'Reilly & Roderick Strong,Otis Dozovic & Tucker Knight
Shayna Baszler,Candice LeRae
Kyle O'Reilly & Roderick Strong,Otis Dozovic & Tucker Knight
Shayna Baszler,Candice LeRae
Shayna Baszler,Nikki Cross
Kyle O'Reilly & Roderick Strong,Nick Miller & Shane Thorne
Shayna Baszler,Dakota Kai
Kyle O'Reilly & Roderick Strong,Danny Burch & Oney Lorcan
Kyle O'Reilly & Roderick Strong,Danny Burch & Oney Lorcan
Shayna Baszler,Nikki Cross
Kyle O'Reilly & Roderick Strong,Danny Burch & Oney Lorcan
Shayna Baszler,Nikki Cross
Shayna Baszler,Nikki Cross
Shayna Baszler,Candice LeRae
Pete Dunne & Tyler Bate,Kyle O'Reilly & Roderick Strong
Otis Dozovic & Tucker Knight,Kyle O'Reilly & Roderick Strong
Kyle O'Reilly & Roderick Strong,Angelo Dawkins & Montez Ford
Shayna Baszler,Dakota Kai
Kyle O'Reilly & Roderick Strong,Dash Wilder & Scott Dawson
Kyle O'Reilly & Roderick Strong,Angelo Dawkins & Montez Ford
Shayna Baszler,Dakota Kai
Kyle O'Reilly & Roderick Strong,Dash Wilder & Scott Dawson
Shayna Baszler,Dakota Kai
Kyle O'Reilly & Roderick Strong,Angelo Dawkins & Montez Ford
Shayna Baszler,Steffanie Newell
Shayna Baszler,Nikki Cross
Shayna Baszler,Kairi Sane
Shayna Baszler,Candice LeRae
Shayna Baszler,Dakota Kai
Kyle O'Reilly & Roderick Strong,Trent Seven & Tyler Bate
Ember Moon,Lacey Evans
Ember Moon,Shayna Baszler
Bobby Fish & Kyle O'Reilly,Otis Dozovic & Tucker Knight
Bobby Fish & Kyle O'Reilly,Angelo Dawkins & Montez Ford
Ember Moon,Aliyah & Nikki Cross
Bobby Fish & Kyle O'Reilly,Steve Cutler & Wesley Blake
Ember Moon,Bianca BelAir
Bobby Fish & Kyle O'Reilly,Angelo Dawkins & Montez Ford
Bobby Fish & Kyle O'Reilly,Akam & Rezar
Bobby Fish & Kyle O'Reilly,Otis Dozovic & Tucker Knight
Ember Moon,Bianca BelAir
Ember Moon,Bianca BelAir
Bobby Fish & Kyle O'Reilly,Nick Miller & Shane Thorne
Bobby Fish & Kyle O'Reilly,Otis Dozovic & Tucker Knight
Ember Moon,Vanessa Borne
Bobby Fish & Kyle O'Reilly,Angelo Dawkins & Montez Ford
Ember Moon,Sage Beckett
Bobby Fish & Kyle O'Reilly,Angelo Dawkins & Montez Ford
Ember Moon,Bianca BelAir
Ember Moon,Vanessa Borne
Bobby Fish & Kyle O'Reilly,Angelo Dawkins & Montez Ford
Ember Moon,Bianca BelAir
Ember Moon,Lacey Evans
Bobby Fish & Kyle O'Reilly,Akam & Rezar
Bobby Fish & Kyle O'Reilly,Eric Young & Killian Dain
Ember Moon,Bianca BelAir
Bobby Fish & Kyle O'Reilly,Eric Young & Killian Dain
Ember Moon,Bianca BelAir
Bobby Fish & Kyle O'Reilly,Eric Young & Killian Dain
Ember Moon,Sonya Deville
Alexander Wolfe & Eric Young,Bobby Fish & Kyle O'Reilly
Alexander Wolfe & Eric Young,Bobby Fish & Kyle O'Reilly
Alexander Wolfe & Eric Young,Bobby Fish & Kyle O'Reilly
Alexander Wolfe & Eric Young,Akam & Rezar
Akam & Rezar,Alexander Wolfe & Eric Young
Alexander Wolfe & Eric Young,Riddick Moss & Tino Sabbatelli
Alexander Wolfe & Eric Young,Riddick Moss & Tino Sabbatelli
Alexander Wolfe & Eric Young,Riddick Moss & Tino Sabbatelli
Alexander Wolfe & Eric Young,Otis Dozovic & Tucker Knight
Asuka,Ember Moon & Nikki Cross
Alexander Wolfe & Eric Young,Akam & Rezar
Asuka,Ember Moon
Alexander Wolfe & Eric Young,Akam & Rezar
Akam & Rezar,Alexander Wolfe & Eric Young
Asuka,Ember Moon & Nikki Cross
Akam & Rezar,Alexander Wolfe & Eric Young
Asuka,Nikki Cross
Akam & Rezar,Otis Dozovic & Tucker Knight
Asuka,Nikki Cross
Akam & Rezar,Otis Dozovic & Tucker Knight
Asuka,Nikki Cross
Akam & Rezar,Alexander Wolfe & Killian Dain
Akam & Rezar,Otis Dozovic & Tucker Knight
Asuka,Nikki Cross
Asuka,Nikki Cross
Akam & Rezar,Riddick Moss & Tino Sabbatelli
Asuka,Ember Moon
Asuka,Ruby Riot
Akam & Rezar,Gentleman Jack Gallagher & Wolfgang
Asuka,Ember Moon
Akam & Rezar,Alexander Wolfe & Killian Dain
Asuka,Peyton Royce
Akam & Rezar,Alexander Wolfe & Killian Dain
Asuka,Sonya Deville
Asuka,Bianca Blair
Asuka,Sonya Deville
Asuka,Sonya Deville
Akam & Rezar,Johnny Gargano & Tommaso Ciampa
Asuka,Ember Moon
Akam & Rezar,Johnny Gargano & Tommaso Ciampa
Asuka,Daria Berenato
Akam & Rezar,Dash Wilder & Johnny Gargano & Scott Dawson & Tommaso Ciampa
Akam & Rezar,Angelo Dawkins & Montez Ford
Akam & Rezar,Otis Dozovic & Tucker Knight
Asuka,Liv Morgan
Asuka,Nikki Cross
Akam & Rezar,Angelo Dawkins & Montez Ford
Akam & Rezar,Angelo Dawkins & Montez Ford
Asuka,Nikki Cross
Akam & Rezar,Otis Dozovic & Tucker Knight
Asuka,Ember Moon & Nikki Cross
Akam & Rezar,Johnny Gargano & Tommaso Ciampa
Asuka,Mandy Rose
Asuka,Ember Moon & Nikki Cross
Asuka,Peyton Royce
Akam & Rezar,Johnny Gargano & Tommaso Ciampa
Asuka,Peyton Royce
Johnny Gargano & Tommaso Ciampa,Dash Wilder & Scott Dawson
Asuka,Billie Kay & Nikki Cross & Peyton Royce
Johnny Gargano & Tommaso Ciampa,Akam & Rezar
Asuka,Nikki Cross & Peyton Royce
Johnny Gargano & Tommaso Ciampa,Akam & Rezar
Asuka,Billie Kay & Nikki Cross
Johnny Gargano & Tommaso Ciampa,Dash Wilder & Scott Dawson
Johnny Gargano & Tommaso Ciampa,Dash Wilder & Scott Dawson
Asuka,Ember Moon
Asuka,Ember Moon
Johnny Gargano & Tommaso Ciampa,Dash Wilder & Scott Dawson
Johnny Gargano & Tommaso Ciampa,Riddick Moss & Tino Sabbatelli
Asuka,Ember Moon
Johnny Gargano & Tommaso Ciampa,Dash Wilder & Scott Dawson
Asuka,Peyton Royce
Asuka,Peyton Royce
Johnny Gargano & Tommaso Ciampa,Riddick Moss & Tino Sabbatelli
Johnny Gargano & Tommaso Ciampa,Riddick Moss & Tino Sabbatelli
Asuka,Peyton Royce
Asuka,Nia Jax
Johnny Gargano & Tommaso Ciampa,Akira Tozawa & Tajiri
Johnny Gargano & Tommaso Ciampa,Dash Wilder & Scott Dawson
Asuka,Ember Moon & Peyton Royce
Asuka,Ember Moon & Nikki Cross
Asuka,Mandy Rose
Asuka,Mandy Rose
Asuka,Peyton Royce
Asuka,Daria Berenato
Asuka,Ember Moon
Asuka,Daria Berenato
Asuka,Peyton Royce
Asuka,Aliyah
Asuka,Peyton Royce
Asuka,Daria Berenato
Dash Wilder & Scott Dawson,Nick Miller & Shane Thorne
Asuka,Ember Moon
Dash Wilder & Scott Dawson,Niko Bogojevic & Tucker Knight
Asuka,Ember Moon
Johnny Gargano & Tommaso Ciampa,Dash Wilder & Scott Dawson
Asuka,Ember Moon
Johnny Gargano & Tommaso Ciampa,Dash Wilder & Scott Dawson
Asuka,Billie Kay
Asuka,Nia Jax
Johnny Gargano & Tommaso Ciampa,Dash Wilder & Scott Dawson
Asuka,Nia Jax
Asuka,Ember Moon
Asuka,Billie Kay
Dash Wilder & Scott Dawson,Chad Gable & Jason Jordan
Asuka,Billie Kay
Asuka,Alexa Bliss
Chad Gable & Jason Jordan,Dash Wilder & Scott Dawson
Asuka,Billie Kay
Chad Gable & Jason Jordan,Dash Wilder & Scott Dawson
Asuka,Nia Jax
Dash Wilder & Scott Dawson,Chad Gable & Jason Jordan
Asuka,Peyton Royce
Asuka,Alexa Bliss & Nia Jax
Asuka,Peyton Royce
Dash Wilder & Scott Dawson,Chad Gable & Jason Jordan
Asuka,Alexa Bliss & Nia Jax
Asuka,Carmella
Asuka,Peyton Royce
Chad Gable & Jason Jordan,Dash Wilder & Scott Dawson
Asuka,Alexa Bliss & Nia Jax
Chad Gable & Jason Jordan,Dash Wilder & Scott Dawson
Chad Gable & Jason Jordan,Dash Wilder & Scott Dawson
Chad Gable & Jason Jordan,Gzim Selmani & Sunny Dhinsa
Asuka,Alexa Bliss
Chad Gable & Jason Jordan,Gzim Selmani & Sunny Dhinsa
Chad Gable & Jason Jordan,Alexander Wolfe & Sawyer Fulton
Chad Gable & Jason Jordan,Dash Wilder & Scott Dawson
Asuka,Alexa Bliss
Asuka,Alexa Bliss
Chad Gable & Jason Jordan,Tino Sabbatelli & Tucker Knight
Chad Gable & Jason Jordan,Dash Wilder & Scott Dawson
Asuka,Nia Jax
Asuka,Alexa Bliss
Chad Gable & Jason Jordan,Alexander Wolfe & Sawyer Fulton
Chad Gable & Jason Jordan,Alexander Wolfe & Sawyer Fulton
Asuka,Eva Marie
Chad Gable & Jason Jordan,Alexander Wolfe & Sawyer Fulton
Asuka,Alexa Bliss & Bayley
Chad Gable & Jason Jordan,Dash Wilder & Scott Dawson
Chad Gable & Jason Jordan,Dash Wilder & Scott Dawson
Asuka,Alexa Bliss
Chad Gable & Jason Jordan,Dash Wilder & Scott Dawson
Asuka,Peyton Royce
Chad Gable & Jason Jordan,Dash Wilder & Scott Dawson
Asuka,Alexa Bliss
Asuka,Aliyah
Chad Gable & Jason Jordan,Riddick Moss & Tino Sabbatelli
Asuka,Peyton Royce
Chad Gable & Jason Jordan,Alexander Wolfe & Sawyer Fulton
Asuka,Adrienne Reese
Chad Gable & Jason Jordan,Dash Wilder & Scott Dawson
Asuka,Peyton Royce
Chad Gable & Jason Jordan,Dash Wilder & Scott Dawson
Asuka,Eva Marie
Chad Gable & Jason Jordan,Dash Wilder & Scott Dawson
Asuka,Peyton Royce
Chad Gable & Jason Jordan,Dash Wilder & Scott Dawson
Bayley,Mandy Rose
Dash Wilder & Scott Dawson,Kenneth Crawford & Patrick Clark
Bayley,Aliyah
Bayley,Emma
Chad Gable & Jason Jordan,Dash Wilder & Scott Dawson
Dash Wilder & Scott Dawson,Chad Gable & Jason Jordan
Bayley,Nia Jax
Bayley,Asuka & Billie Kay & Peyton Royce
Bayley,Asuka & Billie Kay & Peyton Royce
Bayley,Nia Jax
Bayley,Emma
Dash Wilder & Scott Dawson,King Constantine & Thomas Kingdon
Chad Gable & Jason Jordan,Dash Wilder & Scott Dawson
Bayley,Alexa Bliss
Dash Wilder & Scott Dawson,Johnny Gargano & Tommaso Ciampa
Dash Wilder & Scott Dawson,Chad Gable & Jason Jordan
Bayley,Emma
Dash Wilder & Scott Dawson,Rich Swann & Tucker Knight
Bayley,Alexa Bliss & Asuka & Emma
Bayley,Nia Jax
Dash Wilder & Scott Dawson,Chad Gable & Jason Jordan
Bayley,Alexa Bliss
Bayley,Eva Marie
Dash Wilder & Scott Dawson,Chad Gable & Jason Jordan
Bayley,Alexa Bliss
Bayley,Liv Morgan
Dash Wilder & Scott Dawson,Mojo Rawley & Zack Ryder
Bayley,Alexa Bliss
Dash Wilder & Scott Dawson,Chad Gable & Jason Jordan
Bayley,Emma
Dash Wilder & Scott Dawson,Johnny Gargano & Tommaso Ciampa
Bayley,Nia Jax
Bayley,Nia Jax
Chad Gable & Jason Jordan,Dash Wilder & Scott Dawson
Dash Wilder & Scott Dawson,Big Cass & Enzo Amore
Bayley,Alexa Bliss
Bayley,Carmella
Dash Wilder & Scott Dawson,Colin Cassady & Enzo Amore
Bayley,Nia Jax
Colin Cassady & Enzo Amore,Dash Wilder & Scott Dawson
Bayley,Alexa Bliss
Dash Wilder & Scott Dawson,Colin Cassady & Enzo Amore
Bayley,Alexa Bliss
Dash Wilder & Scott Dawson,Big Cass & Enzo Amore
Bayley,Nia Jax
Bayley,Peyton Royce
Dash Wilder & Scott Dawson,Chad Gable & Jason Jordan
Bayley,Emma
Dash Wilder & Scott Dawson,Chad Gable & Jason Jordan
Dash Wilder & Scott Dawson,Big Cass & Enzo Amore
Bayley,Emma
Bayley,Emma
Dash Wilder & Scott Dawson,Chad Gable & Jason Jordan
Dash Wilder & Scott Dawson,Chad Gable & Jason Jordan
Bayley,Emma
Dash Wilder & Scott Dawson,Chad Gable & Jason Jordan
Bayley,Emma
Aiden English & Simon Gotch,Dash Wilder & Scott Dawson
Bayley,Billie Kay
Dash Wilder & Scott Dawson,Chad Gable & Jason Jordan
Dash Wilder & Scott Dawson,Hugo Knox & Tucker Knight
Bayley,Nia Jax
Dash Wilder & Scott Dawson,Aiden English & Simon Gotch
Bayley,Eva Marie
Chad Gable & Jason Jordan,Dash Wilder & Scott Dawson
Aiden English & Simon Gotch,Dash Wilder & Scott Dawson
Dash Wilder & Scott Dawson,Aiden English & Blake & Chad Gable & Jason Jordan & Murphy & Simon Gotch
Chad Gable & Jason Jordan,Dash Wilder & Scott Dawson
Dash Wilder & Scott Dawson,Colin Cassady & Enzo Amore
Bayley,Emma
Bayley,Alexa Bliss
Dash Wilder & Scott Dawson,Aiden English & Simon Gotch
Bayley,Alexa Bliss
Aiden English & Simon Gotch,Blake & Chad Gable & Jason Jordan & Mojo Rawley & Murphy & Zack Ryder
Bayley,Eva Marie
Bayley,Cameron
Aiden English & Simon Gotch,Dash Wilder & Scott Dawson
Aiden English & Simon Gotch,Chad Gable & Jason Jordan
Bayley,Emma
Bayley,Alexa Bliss
Aiden English & Simon Gotch,Dash Wilder & Scott Dawson
Bayley,Alexa Bliss & Emma
Aiden English & Simon Gotch,Dash Wilder & Scott Dawson
Bayley,Gionna Daddio
Aiden English & Simon Gotch,Chad Gable & Jason Jordan
Bayley,Dana Brooke & Emma
Bayley,Dana Brooke
Aiden English & Simon Gotch,Blake & Murphy
Bayley,Nia Jax
Aiden English & Simon Gotch,Chad Gable & Jason Jordan
Bayley,Emma
Bayley,Carmella
Bayley,Nia Jax
Bayley,Emma
Aiden English & Simon Gotch,Blake & Murphy
Aiden English & Simon Gotch,Blake & Chad Gable & Dash Wilder & Jason Jordan & Murphy & Scott Dawson
Aiden English & Simon Gotch,Blake & Murphy
Blake & Murphy,Aiden English & Simon Gotch
Blake & Murphy,Aiden English & Big Cass & Enzo Amore & Simon Gotch
Blake & Murphy,Mojo Rawley & Zack Ryder
Sasha Banks,Charlotte
Blake & Murphy,Mojo Rawley & Zack Ryder
Sasha Banks,Charlotte
Sasha Banks,Becky Lynch
Sasha Banks,Becky Lynch
Blake & Murphy,Colin Cassady & Enzo Amore
Sasha Banks,Charlotte
Sasha Banks,Bayley & Becky Lynch & Charlotte
Blake & Murphy,Jason Jordan & Solomon Crowe
Sasha Banks,Charlotte
Blake & Murphy,Aiden English & Simon Gotch
Sasha Banks,Charlotte
Buddy Murphy & Wesley Blake,Aiden English & Simon Gotch
Sasha Banks,Bayley
Sasha Banks,Charlotte
Blake & Murphy,Dash Wilder & Scott Dawson
Sasha Banks,Becky Lynch & Charlotte
Blake & Murphy,Aiden English & Colin Cassady & Enzo Amore & Simon Gotch
Sasha Banks,Charlotte
Blake & Murphy,Sawyer Fulton & Tucker Knight
Sasha Banks,Charlotte
Sasha Banks,Alexa Bliss & Bayley & Charlotte
Blake & Murphy,Aiden English & Simon Gotch
Blake & Murphy,Aiden English & Simon Gotch
Sasha Banks,Alexa Bliss
Sasha Banks,Charlotte
Buddy Murphy & Wesley Blake,Aiden English & Simon Gotch
Blake & Murphy,Aiden English & Simon Gotch
Buddy Murphy & Wesley Blake,Aiden English & Simon Gotch
Charlotte,Sasha Banks
Kalisto & Sin Cara,Aiden English & Simon Gotch
Kalisto & Sin Cara,Aiden English & Simon Gotch
Kalisto & Sin Cara,Aiden English & Simon Gotch
Kalisto & Sin Cara,Aiden English & Simon Gotch
Kalisto & Sin Cara,Konnor & Viktor
Kalisto & Sin Cara,Konnor & Viktor
Charlotte,Becky Lynch
Charlotte,Becky Lynch
Charlotte,Bayley
Kalisto & Sin Cara,Konnor & Viktor
Konnor & Viktor,Aiden English & Simon Gotch
Charlotte,Bayley
Charlotte,Bayley
Charlotte,Summer Rae
Konnor & Viktor,Camacho & Wesley Blake
Konnor & Viktor,Sami Zayn & Tyson Kidd
Konnor & Viktor,Jason Jordan & Tye Dillinger
Konnor & Viktor,Baron Corbin & Jason Jordan & Oliver Grey & Sawyer Fulton
Konnor & Viktor,Marcus Louis & Sylvester Lefort
Konnor O'Brian & Rick Viktor,Jason Jordan & Tye Dillinger
Konnor O'Brian & Rick Viktor,Jason Jordan & Mason Ryan
Conor O'Brian & Rick Victor,Camacho & Hunico
Paige,Natalya
Conor O'Brian & Rick Victor,Adrian Neville & Alexander Rusev & Colin Cassady & Corey Graves & Enzo Amore & Scott Dawson
Conor O'Brian & Rick Victor,Colin Cassady & Enzo Amore
Paige,Emma
Conor O'Brian & Rick Victor,Adrian Neville & Corey Graves
Adrian Neville & Corey Graves,Conor O'Brian & Rick Victor
Adrian Neville & Corey Graves,Leo Kruger & Rick Victor
Adrian Neville & Corey Graves,Conor O'Brian & Rick Victor
Adrian Neville & Corey Graves,Leo Kruger & Sami Zayn
Adrian Neville & Corey Graves,Kassius Ohno & Sami Zayn
Adrian Neville & Corey Graves,Leo Kruger & Sami Zayn
Paige,Summer Rae
Paige,Bayley
Erick Rowan & Luke Harper,Corey Graves & Kassius Ohno
Erick Rowan & Luke Harper,Adrian Neville & Bo Dallas
Lyra Valkyria,Xia Li
Andre Chase & Duke Hudson,"Channing ""Stacks"" Lorenzo & Tony D'Angelo"
Lyra Valkyria,Lola Vice
"Channing ""Stacks"" Lorenzo & Tony D'Angelo",Mark Coffey & Wolfgang
Becky Lynch,Tiffany Stratton
Becky Lynch,Zoey Stark
Becky Lynch,Tiffany Stratton
Toni Storm,Bianca BelAir & Nikki Cross
Toni Storm,Rhea Ripley
Rhea Ripley,Dakota Kai
Asuka,Becky Lynch
Asuka,Natalya
Konnor & Viktor,R-Truth & Xavier Woods
Lyra Valkyria,Karmen Petrovic & Tiffany Stratton
Andre Chase & Duke Hudson,"Angel Garza & Channing ""Stacks"" Lorenzo & Humberto Carrillo & Tony D'Angelo"
"Channing ""Stacks"" Lorenzo & Tony D'Angelo",Noam Dar & Oro Mensah
Tiffany Stratton,Ivy Nile
Tiffany Stratton,Valentina Feroz
"Channing ""Stacks"" Lorenzo & Tony D'Angelo",Jagger Reid & Rip Fowler
Tiffany Stratton,Thea Hail
Mark Coffey & Wolfgang,Andre Chase & Duke Hudson
Tiffany Stratton,Kelani Jordan
Tiffany Stratton,Ivy Nile & Thea Hail
Tiffany Stratton,Thea Hail
Tiffany Stratton,Lyra Valkyria
Mark Coffey & Wolfgang,Brooks Jensen & Josh Briggs
Indi Hartwell,Cora Jade & Thea Hail
Alba Fyre & Isla Dawn,Katana Chance & Kayden Carter
Mark Coffey & Wolfgang,Hank Walker & Tank Ledger
Fallon Henley & Kiana James,Alba Fyre & Isla Dawn
Fallon Henley & Kiana James,Alba Fyre & Isla Dawn & Ivy Nile & Katana Chance & Kayden Carter & Tatum Paxley
Mark Coffey & Wolfgang,Brooks Jensen & Josh Briggs
Roxanne Perez,Lash Legend
Fallon Henley & Kiana James,Alba Fyre & Isla Dawn & Ivy Nile & Tatum Paxley
Mark Coffey & Wolfgang,Andre Chase & Duke Hudson
Fallon Henley & Kiana James,Elektra Lopez & Lola Vice
Roxanne Perez,Cora Jade
Katana Chance & Kayden Carter,Jakara Jackson & Lash Legend
Roxanne Perez,Cora Jade & Jacy Jayne & Thea Hail
Ivy Nile,Mandy Rose
Elton Prince & Kit Wilson,Edris Enofé & Malik Blade
Elton Prince & Kit Wilson,Carmelo Hayes & Trick Williams
Katana Chance & Kayden Carter,Elektra Lopez & Kiana James
Katana Chance & Kayden Carter,Jakara Jackson & Lash Legend
Elton Prince & Kit Wilson,Hank Walker & Unknown Male Wrestler
Mandy Rose,Thea Hail
Elton Prince & Kit Wilson,Edris Enofé & Malik Blade
Mandy Rose,Nikkita Lyons
Katana Chance & Kayden Carter,Arianna Grace & Kiana James
Mandy Rose,Ivy Nile
Brutus Creed & Julius Creed,Joe Coffey & Mark Coffey
Brutus Creed & Julius Creed,Andre Chase & Bodhi Hayward
Katana Chance & Kayden Carter,Jakara Jackson & Lash Legend
Zoey Stark,Mandy Rose
Mandy Rose,Ivy Nile
Brutus Creed & Julius Creed,Dyad #2 & Joe Gacy
Cora Jade & Roxanne Perez,Gigi Dolin & Jacy Jayne
Mandy Rose,Indi Hartwell
Matt Riddle & Pete Dunne,Brendan Vink & Shane Thorne
Matt Riddle & Pete Dunne,Brendan Vink & Shane Thorne
Rhea Ripley,Chelsea Green
Matt Riddle & Pete Dunne,Fabian Aichner & Marcel Barthel
Rhea Ripley,Chelsea Green
Rhea Ripley,Bianca BelAir
Matt Riddle & Pete Dunne,Bobby Fish & Kyle O'Reilly
Rhea Ripley,Bianca BelAir
Rhea Ripley,Shayna Baszler
Rhea Ripley,Shayna Baszler
Shayna Baszler,Candice LeRae
Shayna Baszler,Reina Gonzalez
Shayna Baszler,Dakota Kai
Bobby Fish & Kyle O'Reilly,Matt Riddle & Pete Dunne
Bobby Fish & Kyle O'Reilly,Angelo Dawkins & Montez Ford
Shayna Baszler,Candice LeRae
Shayna Baszler,Dakota Kai
Bobby Fish & Kyle O'Reilly,Fabian Aichner & Marcel Barthel
Shayna Baszler,Candice LeRae
Bobby Fish & Kyle O'Reilly,Angelo Dawkins & Montez Ford
Candice LeRae,Shayna Baszler
Bobby Fish & Kyle O'Reilly,Angelo Dawkins & Montez Ford
Kay Lee Ray,Taynara Conti
Mia Yim,Shayna Baszler
Shayna Baszler,Mia Yim
Angelo Dawkins & Montez Ford,Steve Cutler & Wesley Blake
Angelo Dawkins & Montez Ford,Steve Cutler & Wesley Blake
Shayna Baszler,Mia Yim
Angelo Dawkins & Montez Ford,Steve Cutler & Wesley Blake
Angelo Dawkins & Montez Ford,Steve Cutler & Wesley Blake
Shayna Baszler,Mia Yim
Angelo Dawkins & Montez Ford,Steve Cutler & Wesley Blake
Shayna Baszler,Rachel Evers
Angelo Dawkins & Montez Ford,Steve Cutler & Wesley Blake
Shayna Baszler,Mia Yim
Angelo Dawkins & Montez Ford,Steve Cutler & Wesley Blake
Shayna Baszler,Jessi Kamea
Angelo Dawkins & Montez Ford,Brendan Vink & Jermaine Haley
Angelo Dawkins & Montez Ford,Steve Cutler & Wesley Blake
Shayna Baszler,Jessie Elaban
Shayna Baszler,Kacy Catanzaro
Shayna Baszler,Kacy Catanzaro
Shayna Baszler,Kacy Catanzaro
Shayna Baszler,Kacy Catanzaro
Shayna Baszler,Mia Yim
Shayna Baszler,Io Shirai
Shayna Baszler,Bianca BelAir & Io Shirai & Kairi Sane
Hanson & Rowe,Angelo Dawkins & James Drake & Montez Ford & Steve Cutler & Wesley Blake & Zack Gibson
Hanson & Rowe,Bobby Fish & Kyle O'Reilly
Hanson & Rowe,Bobby Fish & Kyle O'Reilly
Hanson & Rowe,Kassius Ohno & Luke Menzies
Shayna Baszler,Bianca BelAir & Io Shirai & Kairi Sane
Shayna Baszler,Bianca BelAir
Hanson & Rowe,Bobby Fish & Kyle O'Reilly
Shayna Baszler,Bianca BelAir
Hanson & Rowe,Jaxson Ryker & Steve Cutler
Shayna Baszler,Mia Yim
Hanson & Rowe,Bobby Fish & Kyle O'Reilly
Shayna Baszler,Bianca BelAir
Shayna Baszler,Bianca BelAir
Hanson & Rowe,Kyle O'Reilly & Roderick Strong
Hanson & Rowe,Denzel Dejournette & Eric Bugenhagen
Hanson & Rowe,Steve Cutler & Wesley Blake
Hanson & Rowe,Fabian Aichner & Marcel Barthel
Shayna Baszler,Candice LeRae
Hanson & Rowe,Steve Cutler & Wesley Blake
Hanson & Rowe,Fabian Aichner & Marcel Barthel
Shayna Baszler,Candice LeRae
Bianca BelAir,Shayna Baszler
Hanson & Rowe,Bobby Fish & Roderick Strong
Bobby Fish & Roderick Strong,Humberto Carrillo & Raul Mendoza
Bianca BelAir,Shayna Baszler
Rhea Ripley,Aliyah & Bianca BelAir & Kairi Sane
Kyle O'Reilly & Roderick Strong,Otis Dozovic & Tucker Knight
Kairi Sane,Shayna Baszler
Kyle O'Reilly & Roderick Strong,Otis Dozovic & Tucker Knight
Shayna Baszler,Candice LeRae
Rhea Ripley,Reina Gonzalez
Rhea Ripley,Candice LeRae
Rhea Ripley,Nikki Cross
Kyle O'Reilly & Roderick Strong,Angelo Dawkins & Montez Ford
Rhea Ripley,Deonna Purrazzo
Kairi Sane,Lacey Evans
Rhea Ripley,Jessie Elaban
Rhea Ripley,Nikki Cross
Hanson & Rowe,Kyle O'Reilly & Roderick Strong
Hanson & Rowe,Kyle O'Reilly & Roderick Strong
Hanson & Rowe,Kyle O'Reilly & Roderick Strong
Rhea Ripley,Kacy Catanzaro
Shayna Baszler,Kairi Sane
Kyle O'Reilly & Roderick Strong,Trent Seven & Tyler Bate
Kyle O'Reilly & Roderick Strong,Nick Miller & Shane Thorne
Kyle O'Reilly & Roderick Strong,Angelo Dawkins & Montez Ford
Angelo Dawkins & Montez Ford,Kyle O'Reilly & Roderick Strong
Kyle O'Reilly & Roderick Strong,Otis Dozovic & Tucker Knight
Shayna Baszler,Candice LeRae
Kyle O'Reilly & Roderick Strong,Otis Dozovic & Tucker Knight
Shayna Baszler,Candice LeRae
Shayna Baszler,Nikki Cross
Kyle O'Reilly & Roderick Strong,Nick Miller & Shane Thorne
Shayna Baszler,Dakota Kai
Kyle O'Reilly & Roderick Strong,Danny Burch & Oney Lorcan
Kyle O'Reilly & Roderick Strong,Danny Burch & Oney Lorcan
Shayna Baszler,Nikki Cross
Kyle O'Reilly & Roderick Strong,Danny Burch & Oney Lorcan
Shayna Baszler,Nikki Cross
Shayna Baszler,Nikki Cross
Shayna Baszler,Candice LeRae
Pete Dunne & Tyler Bate,Kyle O'Reilly & Roderick Strong
Otis Dozovic & Tucker Knight,Kyle O'Reilly & Roderick Strong
Kyle O'Reilly & Roderick Strong,Angelo Dawkins & Montez Ford
Shayna Baszler,Dakota Kai
Kyle O'Reilly & Roderick Strong,Dash Wilder & Scott Dawson
Kyle O'Reilly & Roderick Strong,Angelo Dawkins & Montez Ford
Shayna Baszler,Dakota Kai
Kyle O'Reilly & Roderick Strong,Dash Wilder & Scott Dawson
Shayna Baszler,Dakota Kai
Kyle O'Reilly & Roderick Strong,Angelo Dawkins & Montez Ford
Shayna Baszler,Steffanie Newell
Shayna Baszler,Nikki Cross
Shayna Baszler,Kairi Sane
Shayna Baszler,Candice LeRae
Shayna Baszler,Dakota Kai
Kyle O'Reilly & Roderick Strong,Trent Seven & Tyler Bate
Ember Moon,Lacey Evans
Ember Moon,Shayna Baszler
Bobby Fish & Kyle O'Reilly,Otis Dozovic & Tucker Knight
Bobby Fish & Kyle O'Reilly,Angelo Dawkins & Montez Ford
Ember Moon,Aliyah & Nikki Cross
Bobby Fish & Kyle O'Reilly,Steve Cutler & Wesley Blake
Ember Moon,Bianca BelAir
Bobby Fish & Kyle O'Reilly,Angelo Dawkins & Montez Ford
Bobby Fish & Kyle O'Reilly,Akam & Rezar
Bobby Fish & Kyle O'Reilly,Otis Dozovic & Tucker Knight
Ember Moon,Bianca BelAir
Ember Moon,Bianca BelAir
Bobby Fish & Kyle O'Reilly,Nick Miller & Shane Thorne
Bobby Fish & Kyle O'Reilly,Otis Dozovic & Tucker Knight
Ember Moon,Vanessa Borne
Bobby Fish & Kyle O'Reilly,Angelo Dawkins & Montez Ford
Ember Moon,Sage Beckett
Bobby Fish & Kyle O'Reilly,Angelo Dawkins & Montez Ford
Ember Moon,Bianca BelAir
Ember Moon,Vanessa Borne
Bobby Fish & Kyle O'Reilly,Angelo Dawkins & Montez Ford
Ember Moon,Bianca BelAir
Ember Moon,Lacey Evans
Bobby Fish & Kyle O'Reilly,Akam & Rezar
Bobby Fish & Kyle O'Reilly,Eric Young & Killian Dain
Ember Moon,Bianca BelAir
Bobby Fish & Kyle O'Reilly,Eric Young & Killian Dain
Ember Moon,Bianca BelAir
Bobby Fish & Kyle O'Reilly,Eric Young & Killian Dain
Ember Moon,Sonya Deville
Alexander Wolfe & Eric Young,Bobby Fish & Kyle O'Reilly
Alexander Wolfe & Eric Young,Bobby Fish & Kyle O'Reilly
Alexander Wolfe & Eric Young,Bobby Fish & Kyle O'Reilly
Alexander Wolfe & Eric Young,Akam & Rezar
Akam & Rezar,Alexander Wolfe & Eric Young
Alexander Wolfe & Eric Young,Riddick Moss & Tino Sabbatelli
Alexander Wolfe & Eric Young,Riddick Moss & Tino Sabbatelli
Alexander Wolfe & Eric Young,Riddick Moss & Tino Sabbatelli
Alexander Wolfe & Eric Young,Otis Dozovic & Tucker Knight
Asuka,Ember Moon & Nikki Cross
Alexander Wolfe & Eric Young,Akam & Rezar
Asuka,Ember Moon
Alexander Wolfe & Eric Young,Akam & Rezar
Akam & Rezar,Alexander Wolfe & Eric Young
Asuka,Ember Moon & Nikki Cross
Akam & Rezar,Alexander Wolfe & Eric Young
Asuka,Nikki Cross
Akam & Rezar,Otis Dozovic & Tucker Knight
Asuka,Nikki Cross
Akam & Rezar,Otis Dozovic & Tucker Knight
Asuka,Nikki Cross
Akam & Rezar,Alexander Wolfe & Killian Dain
Akam & Rezar,Otis Dozovic & Tucker Knight
Asuka,Nikki Cross
Asuka,Nikki Cross
Akam & Rezar,Riddick Moss & Tino Sabbatelli
Asuka,Ember Moon
Asuka,Ruby Riot
Akam & Rezar,Gentleman Jack Gallagher & Wolfgang
Asuka,Ember Moon
Akam & Rezar,Alexander Wolfe & Killian Dain
Asuka,Peyton Royce
Akam & Rezar,Alexander Wolfe & Killian Dain
Asuka,Sonya Deville
Asuka,Bianca Blair
Asuka,Sonya Deville
Asuka,Sonya Deville
Akam & Rezar,Johnny Gargano & Tommaso Ciampa
Asuka,Ember Moon
Akam & Rezar,Johnny Gargano & Tommaso Ciampa
Asuka,Daria Berenato
Akam & Rezar,Dash Wilder & Johnny Gargano & Scott Dawson & Tommaso Ciampa
Akam & Rezar,Angelo Dawkins & Montez Ford
Akam & Rezar,Otis Dozovic & Tucker Knight
Asuka,Liv Morgan
Asuka,Nikki Cross
Akam & Rezar,Angelo Dawkins & Montez Ford
Akam & Rezar,Angelo Dawkins & Montez Ford
Asuka,Nikki Cross
Akam & Rezar,Otis Dozovic & Tucker Knight
Asuka,Ember Moon & Nikki Cross
Akam & Rezar,Johnny Gargano & Tommaso Ciampa
Asuka,Mandy Rose
Asuka,Ember Moon & Nikki Cross
Asuka,Peyton Royce
Akam & Rezar,Johnny Gargano & Tommaso Ciampa
Asuka,Peyton Royce
Johnny Gargano & Tommaso Ciampa,Dash Wilder & Scott Dawson
Asuka,Billie Kay & Nikki Cross & Peyton Royce
Johnny Gargano & Tommaso Ciampa,Akam & Rezar
Asuka,Nikki Cross & Peyton Royce
Johnny Gargano & Tommaso Ciampa,Akam & Rezar
Asuka,Billie Kay & Nikki Cross
Johnny Gargano & Tommaso Ciampa,Dash Wilder & Scott Dawson
Johnny Gargano & Tommaso Ciampa,Dash Wilder & Scott Dawson
Asuka,Ember Moon
Asuka,Ember Moon
Johnny Gargano & Tommaso Ciampa,Dash Wilder & Scott Dawson
Johnny Gargano & Tommaso Ciampa,Riddick Moss & Tino Sabbatelli
Asuka,Ember Moon
Johnny Gargano & Tommaso Ciampa,Dash Wilder & Scott Dawson
Asuka,Peyton Royce
Asuka,Peyton Royce
Johnny Gargano & Tommaso Ciampa,Riddick Moss & Tino Sabbatelli
Johnny Gargano & Tommaso Ciampa,Riddick Moss & Tino Sabbatelli
Asuka,Peyton Royce
Asuka,Nia Jax
Johnny Gargano & Tommaso Ciampa,Akira Tozawa & Tajiri
Johnny Gargano & Tommaso Ciampa,Dash Wilder & Scott Dawson
Asuka,Ember Moon & Peyton Royce
Asuka,Ember Moon & Nikki Cross
Asuka,Mandy Rose
Asuka,Mandy Rose
Asuka,Peyton Royce
Asuka,Daria Berenato
Asuka,Ember Moon
Asuka,Daria Berenato
Asuka,Peyton Royce
Asuka,Aliyah
Asuka,Peyton Royce
Asuka,Daria Berenato
Dash Wilder & Scott Dawson,Nick Miller & Shane Thorne
Asuka,Ember Moon
Dash Wilder & Scott Dawson,Niko Bogojevic & Tucker Knight
Asuka,Ember Moon
Johnny Gargano & Tommaso Ciampa,Dash Wilder & Scott Dawson
Asuka,Ember Moon
Johnny Gargano & Tommaso Ciampa,Dash Wilder & Scott Dawson
Asuka,Billie Kay
Asuka,Nia Jax
Johnny Gargano & Tommaso Ciampa,Dash Wilder & Scott Dawson
Asuka,Nia Jax
Asuka,Ember Moon
Asuka,Billie Kay
Dash Wilder & Scott Dawson,Chad Gable & Jason Jordan
Asuka,Billie Kay
Asuka,Alexa Bliss
Chad Gable & Jason Jordan,Dash Wilder & Scott Dawson
Asuka,Billie Kay
Chad Gable & Jason Jordan,Dash Wilder & Scott Dawson
Asuka,Nia Jax
Dash Wilder & Scott Dawson,Chad Gable & Jason Jordan
Asuka,Peyton Royce
Asuka,Alexa Bliss & Nia Jax
Asuka,Peyton Royce
Dash Wilder & Scott Dawson,Chad Gable & Jason Jordan
Asuka,Alexa Bliss & Nia Jax
Asuka,Carmella
Asuka,Peyton Royce
Chad Gable & Jason Jordan,Dash Wilder & Scott Dawson
Asuka,Alexa Bliss & Nia Jax
Chad Gable & Jason Jordan,Dash Wilder & Scott Dawson
Chad Gable & Jason Jordan,Dash Wilder & Scott Dawson
Chad Gable & Jason Jordan,Gzim Selmani & Sunny Dhinsa
Asuka,Alexa Bliss
Chad Gable & Jason Jordan,Gzim Selmani & Sunny Dhinsa
Chad Gable & Jason Jordan,Alexander Wolfe & Sawyer Fulton
Chad Gable & Jason Jordan,Dash Wilder & Scott Dawson
Asuka,Alexa Bliss
Asuka,Alexa Bliss
Chad Gable & Jason Jordan,Tino Sabbatelli & Tucker Knight
Chad Gable & Jason Jordan,Dash Wilder & Scott Dawson
Asuka,Nia Jax
Asuka,Alexa Bliss
Chad Gable & Jason Jordan,Alexander Wolfe & Sawyer Fulton
Chad Gable & Jason Jordan,Alexander Wolfe & Sawyer Fulton
Asuka,Eva Marie
Chad Gable & Jason Jordan,Alexander Wolfe & Sawyer Fulton
Asuka,Alexa Bliss & Bayley
Chad Gable & Jason Jordan,Dash Wilder & Scott Dawson
Chad Gable & Jason Jordan,Dash Wilder & Scott Dawson
Asuka,Alexa Bliss
Chad Gable & Jason Jordan,Dash Wilder & Scott Dawson
Asuka,Peyton Royce
Chad Gable & Jason Jordan,Dash Wilder & Scott Dawson
Asuka,Alexa Bliss
Asuka,Aliyah
Chad Gable & Jason Jordan,Riddick Moss & Tino Sabbatelli
Asuka,Peyton Royce
Chad Gable & Jason Jordan,Alexander Wolfe & Sawyer Fulton
Asuka,Adrienne Reese
Chad Gable & Jason Jordan,Dash Wilder & Scott Dawson
Asuka,Peyton Royce
Chad Gable & Jason Jordan,Dash Wilder & Scott Dawson
Asuka,Eva Marie
Chad Gable & Jason Jordan,Dash Wilder & Scott Dawson
Asuka,Peyton Royce
Chad Gable & Jason Jordan,Dash Wilder & Scott Dawson
Bayley,Mandy Rose
Dash Wilder & Scott Dawson,Kenneth Crawford & Patrick Clark
Bayley,Aliyah
Bayley,Emma
Chad Gable & Jason Jordan,Dash Wilder & Scott Dawson
Dash Wilder & Scott Dawson,Chad Gable & Jason Jordan
Bayley,Nia Jax
Bayley,Asuka & Billie Kay & Peyton Royce
Bayley,Asuka & Billie Kay & Peyton Royce
Bayley,Nia Jax
Bayley,Emma
Dash Wilder & Scott Dawson,King Constantine & Thomas Kingdon
Chad Gable & Jason Jordan,Dash Wilder & Scott Dawson
Bayley,Alexa Bliss
Dash Wilder & Scott Dawson,Johnny Gargano & Tommaso Ciampa
Dash Wilder & Scott Dawson,Chad Gable & Jason Jordan
Bayley,Emma
Dash Wilder & Scott Dawson,Rich Swann & Tucker Knight
Bayley,Alexa Bliss & Asuka & Emma
Bayley,Nia Jax
Dash Wilder & Scott Dawson,Chad Gable & Jason Jordan
Bayley,Alexa Bliss
Bayley,Eva Marie
Dash Wilder & Scott Dawson,Chad Gable & Jason Jordan
Bayley,Alexa Bliss
Bayley,Liv Morgan
Dash Wilder & Scott Dawson,Mojo Rawley & Zack Ryder
Bayley,Alexa Bliss
Dash Wilder & Scott Dawson,Chad Gable & Jason Jordan
Bayley,Emma
Dash Wilder & Scott Dawson,Johnny Gargano & Tommaso Ciampa
Bayley,Nia Jax
Bayley,Nia Jax
Chad Gable & Jason Jordan,Dash Wilder & Scott Dawson
Dash Wilder & Scott Dawson,Big Cass & Enzo Amore
Bayley,Alexa Bliss
Bayley,Carmella
Dash Wilder & Scott Dawson,Colin Cassady & Enzo Amore
Bayley,Nia Jax
Colin Cassady & Enzo Amore,Dash Wilder & Scott Dawson
Bayley,Alexa Bliss
Dash Wilder & Scott Dawson,Colin Cassady & Enzo Amore
Bayley,Alexa Bliss
Dash Wilder & Scott Dawson,Big Cass & Enzo Amore
Bayley,Nia Jax
Bayley,Peyton Royce
Dash Wilder & Scott Dawson,Chad Gable & Jason Jordan
Bayley,Emma
Dash Wilder & Scott Dawson,Chad Gable & Jason Jordan
Dash Wilder & Scott Dawson,Big Cass & Enzo Amore
Bayley,Emma
Bayley,Emma
Dash Wilder & Scott Dawson,Chad Gable & Jason Jordan
Dash Wilder & Scott Dawson,Chad Gable & Jason Jordan
Bayley,Emma
Dash Wilder & Scott Dawson,Chad Gable & Jason Jordan
Bayley,Emma
Aiden English & Simon Gotch,Dash Wilder & Scott Dawson
Bayley,Billie Kay
Dash Wilder & Scott Dawson,Chad Gable & Jason Jordan
Dash Wilder & Scott Dawson,Hugo Knox & Tucker Knight
Bayley,Nia Jax
Dash Wilder & Scott Dawson,Aiden English & Simon Gotch
Bayley,Eva Marie
Chad Gable & Jason Jordan,Dash Wilder & Scott Dawson
Aiden English & Simon Gotch,Dash Wilder & Scott Dawson
Dash Wilder & Scott Dawson,Aiden English & Blake & Chad Gable & Jason Jordan & Murphy & Simon Gotch
Chad Gable & Jason Jordan,Dash Wilder & Scott Dawson
Dash Wilder & Scott Dawson,Colin Cassady & Enzo Amore
Bayley,Emma
Bayley,Alexa Bliss
Dash Wilder & Scott Dawson,Aiden English & Simon Gotch
Bayley,Alexa Bliss
Aiden English & Simon Gotch,Blake & Chad Gable & Jason Jordan & Mojo Rawley & Murphy & Zack Ryder
Bayley,Eva Marie
Bayley,Cameron
Aiden English & Simon Gotch,Dash Wilder & Scott Dawson
Aiden English & Simon Gotch,Chad Gable & Jason Jordan
Bayley,Emma
Bayley,Alexa Bliss
Aiden English & Simon Gotch,Dash Wilder & Scott Dawson
Bayley,Alexa Bliss & Emma
Aiden English & Simon Gotch,Dash Wilder & Scott Dawson
Bayley,Gionna Daddio
Aiden English & Simon Gotch,Chad Gable & Jason Jordan
Bayley,Dana Brooke & Emma
Bayley,Dana Brooke
Aiden English & Simon Gotch,Blake & Murphy
Bayley,Nia Jax
Aiden English & Simon Gotch,Chad Gable & Jason Jordan
Bayley,Emma
Bayley,Carmella
Bayley,Nia Jax
Bayley,Emma
Aiden English & Simon Gotch,Blake & Murphy
Aiden English & Simon Gotch,Blake & Chad Gable & Dash Wilder & Jason Jordan & Murphy & Scott Dawson
Aiden English & Simon Gotch,Blake & Murphy
Blake & Murphy,Aiden English & Simon Gotch
Blake & Murphy,Aiden English & Big Cass & Enzo Amore & Simon Gotch
Blake & Murphy,Mojo Rawley & Zack Ryder
Sasha Banks,Charlotte
Blake & Murphy,Mojo Rawley & Zack Ryder
Sasha Banks,Charlotte
Sasha Banks,Becky Lynch
Sasha Banks,Becky Lynch
Blake & Murphy,Colin Cassady & Enzo Amore
Sasha Banks,Charlotte
Sasha Banks,Bayley & Becky Lynch & Charlotte
Blake & Murphy,Jason Jordan & Solomon Crowe
Sasha Banks,Charlotte
Blake & Murphy,Aiden English & Simon Gotch
Sasha Banks,Charlotte
Buddy Murphy & Wesley Blake,Aiden English & Simon Gotch
Sasha Banks,Bayley
Sasha Banks,Charlotte
Blake & Murphy,Dash Wilder & Scott Dawson
Sasha Banks,Becky Lynch & Charlotte
Blake & Murphy,Aiden English & Colin Cassady & Enzo Amore & Simon Gotch
Sasha Banks,Charlotte
Blake & Murphy,Sawyer Fulton & Tucker Knight
Sasha Banks,Charlotte
Sasha Banks,Alexa Bliss & Bayley & Charlotte
Blake & Murphy,Aiden English & Simon Gotch
Blake & Murphy,Aiden English & Simon Gotch
Sasha Banks,Alexa Bliss
Sasha Banks,Charlotte
Buddy Murphy & Wesley Blake,Aiden English & Simon Gotch
Blake & Murphy,Aiden English & Simon Gotch
Buddy Murphy & Wesley Blake,Aiden English & Simon Gotch
Charlotte,Sasha Banks
Kalisto & Sin Cara,Aiden English & Simon Gotch
Kalisto & Sin Cara,Aiden English & Simon Gotch
Kalisto & Sin Cara,Aiden English & Simon Gotch
Kalisto & Sin Cara,Aiden English & Simon Gotch
Kalisto & Sin Cara,Konnor & Viktor
Kalisto & Sin Cara,Konnor & Viktor
Charlotte,Becky Lynch
Charlotte,Becky Lynch
Charlotte,Bayley
Kalisto & Sin Cara,Konnor & Viktor
Konnor & Viktor,Aiden English & Simon Gotch
Charlotte,Bayley
Charlotte,Bayley
Charlotte,Summer Rae
Konnor & Viktor,Camacho & Wesley Blake
Konnor & Viktor,Sami Zayn & Tyson Kidd
Konnor & Viktor,Jason Jordan & Tye Dillinger
Konnor & Viktor,Baron Corbin & Jason Jordan & Oliver Grey & Sawyer Fulton
Konnor & Viktor,Marcus Louis & Sylvester Lefort
Konnor O'Brian & Rick Viktor,Jason Jordan & Tye Dillinger
Konnor O'Brian & Rick Viktor,Jason Jordan & Mason Ryan
Conor O'Brian & Rick Victor,Camacho & Hunico
Paige,Natalya
Conor O'Brian & Rick Victor,Adrian Neville & Alexander Rusev & Colin Cassady & Corey Graves & Enzo Amore & Scott Dawson
Conor O'Brian & Rick Victor,Colin Cassady & Enzo Amore
Paige,Emma
Conor O'Brian & Rick Victor,Adrian Neville & Corey Graves
Adrian Neville & Corey Graves,Conor O'Brian & Rick Victor
Adrian Neville & Corey Graves,Leo Kruger & Rick Victor
Adrian Neville & Corey Graves,Conor O'Brian & Rick Victor
Adrian Neville & Corey Graves,Leo Kruger & Sami Zayn
Adrian Neville & Corey Graves,Kassius Ohno & Sami Zayn
Adrian Neville & Corey Graves,Leo Kruger & Sami Zayn
Paige,Summer Rae
Paige,Bayley
Erick Rowan & Luke Harper,Corey Graves & Kassius Ohno
Erick Rowan & Luke Harper,Adrian Neville & Bo Dallas
Lyra Valkyria,Xia Li
Andre Chase & Duke Hudson,"Channing ""Stacks"" Lorenzo & Tony D'Angelo"
Lyra Valkyria,Lola Vice
"Channing ""Stacks"" Lorenzo & Tony D'Angelo",Mark Coffey & Wolfgang
"Channing ""Stacks"" Lorenzo & Tony D'Angelo",Charlie Dempsey & Myles Borne
Lyra Valkyria,Lash Legend
Becky Lynch,Tiffany Stratton
Becky Lynch,Zoey Stark
Becky Lynch,Tiffany Stratton
Toni Storm,Bianca BelAir & Nikki Cross
Toni Storm,Rhea Ripley
Rhea Ripley,Dakota Kai
Asuka,Becky Lynch
Asuka,Natalya
Konnor & Viktor,R-Truth & Xavier Woods
Lyra Valkyria,Karmen Petrovic & Tiffany Stratton
Andre Chase & Duke Hudson,"Angel Garza & Channing ""Stacks"" Lorenzo & Humberto Carrillo & Tony D'Angelo"
"Channing ""Stacks"" Lorenzo & Tony D'Angelo",Noam Dar & Oro Mensah
Tiffany Stratton,Ivy Nile
Tiffany Stratton,Valentina Feroz
"Channing ""Stacks"" Lorenzo & Tony D'Angelo",Jagger Reid & Rip Fowler
Tiffany Stratton,Thea Hail
Mark Coffey & Wolfgang,Andre Chase & Duke Hudson
Tiffany Stratton,Kelani Jordan
Tiffany Stratton,Ivy Nile & Thea Hail
Tiffany Stratton,Thea Hail
Tiffany Stratton,Lyra Valkyria
Mark Coffey & Wolfgang,Brooks Jensen & Josh Briggs
Indi Hartwell,Cora Jade & Thea Hail
Alba Fyre & Isla Dawn,Katana Chance & Kayden Carter
Mark Coffey & Wolfgang,Hank Walker & Tank Ledger
Fallon Henley & Kiana James,Alba Fyre & Isla Dawn
Fallon Henley & Kiana James,Alba Fyre & Isla Dawn & Ivy Nile & Katana Chance & Kayden Carter & Tatum Paxley
Mark Coffey & Wolfgang,Brooks Jensen & Josh Briggs
Roxanne Perez,Lash Legend
Fallon Henley & Kiana James,Alba Fyre & Isla Dawn & Ivy Nile & Tatum Paxley
Mark Coffey & Wolfgang,Andre Chase & Duke Hudson
Fallon Henley & Kiana James,Elektra Lopez & Lola Vice
Roxanne Perez,Cora Jade
Katana Chance & Kayden Carter,Jakara Jackson & Lash Legend
Roxanne Perez,Cora Jade & Jacy Jayne & Thea Hail
Ivy Nile,Mandy Rose
Elton Prince & Kit Wilson,Edris Enofé & Malik Blade
Elton Prince & Kit Wilson,Carmelo Hayes & Trick Williams
Katana Chance & Kayden Carter,Elektra Lopez & Kiana James
Katana Chance & Kayden Carter,Jakara Jackson & Lash Legend
Elton Prince & Kit Wilson,Hank Walker & Unknown Male Wrestler
Mandy Rose,Thea Hail
Elton Prince & Kit Wilson,Edris Enofé & Malik Blade
Mandy Rose,Nikkita Lyons
Katana Chance & Kayden Carter,Arianna Grace & Kiana James
Mandy Rose,Ivy Nile
Brutus Creed & Julius Creed,Joe Coffey & Mark Coffey
Brutus Creed & Julius Creed,Andre Chase & Bodhi Hayward
Katana Chance & Kayden Carter,Jakara Jackson & Lash Legend
Zoey Stark,Mandy Rose
Mandy Rose,Ivy Nile
Brutus Creed & Julius Creed,Dyad #2 & Joe Gacy
Cora Jade & Roxanne Perez,Gigi Dolin & Jacy Jayne
Mandy Rose,Indi Hartwell
Matt Riddle & Pete Dunne,Brendan Vink & Shane Thorne
Matt Riddle & Pete Dunne,Brendan Vink & Shane Thorne
Rhea Ripley,Chelsea Green
Matt Riddle & Pete Dunne,Fabian Aichner & Marcel Barthel
Rhea Ripley,Chelsea Green
Rhea Ripley,Bianca BelAir
Matt Riddle & Pete Dunne,Bobby Fish & Kyle O'Reilly
Rhea Ripley,Bianca BelAir
Rhea Ripley,Shayna Baszler
Rhea Ripley,Shayna Baszler
Shayna Baszler,Candice LeRae
Shayna Baszler,Reina Gonzalez
Shayna Baszler,Dakota Kai
Bobby Fish & Kyle O'Reilly,Matt Riddle & Pete Dunne
Bobby Fish & Kyle O'Reilly,Angelo Dawkins & Montez Ford
Shayna Baszler,Candice LeRae
Shayna Baszler,Dakota Kai
Bobby Fish & Kyle O'Reilly,Fabian Aichner & Marcel Barthel
Shayna Baszler,Candice LeRae
Bobby Fish & Kyle O'Reilly,Angelo Dawkins & Montez Ford
Candice LeRae,Shayna Baszler
Bobby Fish & Kyle O'Reilly,Angelo Dawkins & Montez Ford
Kay Lee Ray,Taynara Conti
Mia Yim,Shayna Baszler
Shayna Baszler,Mia Yim
Angelo Dawkins & Montez Ford,Steve Cutler & Wesley Blake
Angelo Dawkins & Montez Ford,Steve Cutler & Wesley Blake
Shayna Baszler,Mia Yim
Angelo Dawkins & Montez Ford,Steve Cutler & Wesley Blake
Angelo Dawkins & Montez Ford,Steve Cutler & Wesley Blake
Shayna Baszler,Mia Yim
Angelo Dawkins & Montez Ford,Steve Cutler & Wesley Blake
Shayna Baszler,Rachel Evers
Angelo Dawkins & Montez Ford,Steve Cutler & Wesley Blake
Shayna Baszler,Mia Yim
Angelo Dawkins & Montez Ford,Steve Cutler & Wesley Blake
Shayna Baszler,Jessi Kamea
Angelo Dawkins & Montez Ford,Brendan Vink & Jermaine Haley
Angelo Dawkins & Montez Ford,Steve Cutler & Wesley Blake
Shayna Baszler,Jessie Elaban
Shayna Baszler,Kacy Catanzaro
Shayna Baszler,Kacy Catanzaro
Shayna Baszler,Kacy Catanzaro
Shayna Baszler,Kacy Catanzaro
Shayna Baszler,Mia Yim
Shayna Baszler,Io Shirai
Shayna Baszler,Bianca BelAir & Io Shirai & Kairi Sane
Hanson & Rowe,Angelo Dawkins & James Drake & Montez Ford & Steve Cutler & Wesley Blake & Zack Gibson
Hanson & Rowe,Bobby Fish & Kyle O'Reilly
Hanson & Rowe,Bobby Fish & Kyle O'Reilly
Hanson & Rowe,Kassius Ohno & Luke Menzies
Shayna Baszler,Bianca BelAir & Io Shirai & Kairi Sane
Shayna Baszler,Bianca BelAir
Hanson & Rowe,Bobby Fish & Kyle O'Reilly
Shayna Baszler,Bianca BelAir
Hanson & Rowe,Jaxson Ryker & Steve Cutler
Shayna Baszler,Mia Yim
Hanson & Rowe,Bobby Fish & Kyle O'Reilly
Shayna Baszler,Bianca BelAir
Shayna Baszler,Bianca BelAir
Hanson & Rowe,Kyle O'Reilly & Roderick Strong
Hanson & Rowe,Denzel Dejournette & Eric Bugenhagen
Hanson & Rowe,Steve Cutler & Wesley Blake
Hanson & Rowe,Fabian Aichner & Marcel Barthel
Shayna Baszler,Candice LeRae
Hanson & Rowe,Steve Cutler & Wesley Blake
Hanson & Rowe,Fabian Aichner & Marcel Barthel
Shayna Baszler,Candice LeRae
Bianca BelAir,Shayna Baszler
Hanson & Rowe,Bobby Fish & Roderick Strong
Bobby Fish & Roderick Strong,Humberto Carrillo & Raul Mendoza
Bianca BelAir,Shayna Baszler
Rhea Ripley,Aliyah & Bianca BelAir & Kairi Sane
Kyle O'Reilly & Roderick Strong,Otis Dozovic & Tucker Knight
Kairi Sane,Shayna Baszler
Kyle O'Reilly & Roderick Strong,Otis Dozovic & Tucker Knight
Shayna Baszler,Candice LeRae
Rhea Ripley,Reina Gonzalez
Rhea Ripley,Candice LeRae
Rhea Ripley,Nikki Cross
Kyle O'Reilly & Roderick Strong,Angelo Dawkins & Montez Ford
Rhea Ripley,Deonna Purrazzo
Kairi Sane,Lacey Evans
Rhea Ripley,Jessie Elaban
Rhea Ripley,Nikki Cross
Hanson & Rowe,Kyle O'Reilly & Roderick Strong
Hanson & Rowe,Kyle O'Reilly & Roderick Strong
Hanson & Rowe,Kyle O'Reilly & Roderick Strong
Rhea Ripley,Kacy Catanzaro
Shayna Baszler,Kairi Sane
Kyle O'Reilly & Roderick Strong,Trent Seven & Tyler Bate
Kyle O'Reilly & Roderick Strong,Nick Miller & Shane Thorne
Kyle O'Reilly & Roderick Strong,Angelo Dawkins & Montez Ford
Angelo Dawkins & Montez Ford,Kyle O'Reilly & Roderick Strong
Kyle O'Reilly & Roderick Strong,Otis Dozovic & Tucker Knight
Shayna Baszler,Candice LeRae
Kyle O'Reilly & Roderick Strong,Otis Dozovic & Tucker Knight
Shayna Baszler,Candice LeRae
Shayna Baszler,Nikki Cross
Kyle O'Reilly & Roderick Strong,Nick Miller & Shane Thorne
Shayna Baszler,Dakota Kai
Kyle O'Reilly & Roderick Strong,Danny Burch & Oney Lorcan
Kyle O'Reilly & Roderick Strong,Danny Burch & Oney Lorcan
Shayna Baszler,Nikki Cross
Kyle O'Reilly & Roderick Strong,Danny Burch & Oney Lorcan
Shayna Baszler,Nikki Cross
Shayna Baszler,Nikki Cross
Shayna Baszler,Candice LeRae
Pete Dunne & Tyler Bate,Kyle O'Reilly & Roderick Strong
Otis Dozovic & Tucker Knight,Kyle O'Reilly & Roderick Strong
Kyle O'Reilly & Roderick Strong,Angelo Dawkins & Montez Ford
Shayna Baszler,Dakota Kai
Kyle O'Reilly & Roderick Strong,Dash Wilder & Scott Dawson
Kyle O'Reilly & Roderick Strong,Angelo Dawkins & Montez Ford
Shayna Baszler,Dakota Kai
Kyle O'Reilly & Roderick Strong,Dash Wilder & Scott Dawson
Shayna Baszler,Dakota Kai
Kyle O'Reilly & Roderick Strong,Angelo Dawkins & Montez Ford
Shayna Baszler,Steffanie Newell
Shayna Baszler,Nikki Cross
Shayna Baszler,Kairi Sane
Shayna Baszler,Candice LeRae
Shayna Baszler,Dakota Kai
Kyle O'Reilly & Roderick Strong,Trent Seven & Tyler Bate
Ember Moon,Lacey Evans
Ember Moon,Shayna Baszler
Bobby Fish & Kyle O'Reilly,Otis Dozovic & Tucker Knight
Bobby Fish & Kyle O'Reilly,Angelo Dawkins & Montez Ford
Ember Moon,Aliyah & Nikki Cross
Bobby Fish & Kyle O'Reilly,Steve Cutler & Wesley Blake
Ember Moon,Bianca BelAir
Bobby Fish & Kyle O'Reilly,Angelo Dawkins & Montez Ford
Bobby Fish & Kyle O'Reilly,Akam & Rezar
Bobby Fish & Kyle O'Reilly,Otis Dozovic & Tucker Knight
Ember Moon,Bianca BelAir
Ember Moon,Bianca BelAir
Bobby Fish & Kyle O'Reilly,Nick Miller & Shane Thorne
Bobby Fish & Kyle O'Reilly,Otis Dozovic & Tucker Knight
Ember Moon,Vanessa Borne
Bobby Fish & Kyle O'Reilly,Angelo Dawkins & Montez Ford
Ember Moon,Sage Beckett
Bobby Fish & Kyle O'Reilly,Angelo Dawkins & Montez Ford
Ember Moon,Bianca BelAir
Ember Moon,Vanessa Borne
Bobby Fish & Kyle O'Reilly,Angelo Dawkins & Montez Ford
Ember Moon,Bianca BelAir
Ember Moon,Lacey Evans
Bobby Fish & Kyle O'Reilly,Akam & Rezar
Bobby Fish & Kyle O'Reilly,Eric Young & Killian Dain
Ember Moon,Bianca BelAir
Bobby Fish & Kyle O'Reilly,Eric Young & Killian Dain
Ember Moon,Bianca BelAir
Bobby Fish & Kyle O'Reilly,Eric Young & Killian Dain
Ember Moon,Sonya Deville
Alexander Wolfe & Eric Young,Bobby Fish & Kyle O'Reilly
Alexander Wolfe & Eric Young,Bobby Fish & Kyle O'Reilly
Alexander Wolfe & Eric Young,Bobby Fish & Kyle O'Reilly
Alexander Wolfe & Eric Young,Akam & Rezar
Akam & Rezar,Alexander Wolfe & Eric Young
Alexander Wolfe & Eric Young,Riddick Moss & Tino Sabbatelli
Alexander Wolfe & Eric Young,Riddick Moss & Tino Sabbatelli
Alexander Wolfe & Eric Young,Riddick Moss & Tino Sabbatelli
Alexander Wolfe & Eric Young,Otis Dozovic & Tucker Knight
Asuka,Ember Moon & Nikki Cross
Alexander Wolfe & Eric Young,Akam & Rezar
Asuka,Ember Moon
Alexander Wolfe & Eric Young,Akam & Rezar
Akam & Rezar,Alexander Wolfe & Eric Young
Asuka,Ember Moon & Nikki Cross
Akam & Rezar,Alexander Wolfe & Eric Young
Asuka,Nikki Cross
Akam & Rezar,Otis Dozovic & Tucker Knight
Asuka,Nikki Cross
Akam & Rezar,Otis Dozovic & Tucker Knight
Asuka,Nikki Cross
Akam & Rezar,Alexander Wolfe & Killian Dain
Akam & Rezar,Otis Dozovic & Tucker Knight
Asuka,Nikki Cross
Asuka,Nikki Cross
Akam & Rezar,Riddick Moss & Tino Sabbatelli
Asuka,Ember Moon
Asuka,Ruby Riot
Akam & Rezar,Gentleman Jack Gallagher & Wolfgang
Asuka,Ember Moon
Akam & Rezar,Alexander Wolfe & Killian Dain
Asuka,Peyton Royce
Akam & Rezar,Alexander Wolfe & Killian Dain
Asuka,Sonya Deville
Asuka,Bianca Blair
Asuka,Sonya Deville
Asuka,Sonya Deville
Akam & Rezar,Johnny Gargano & Tommaso Ciampa
Asuka,Ember Moon
Akam & Rezar,Johnny Gargano & Tommaso Ciampa
Asuka,Daria Berenato
Akam & Rezar,Dash Wilder & Johnny Gargano & Scott Dawson & Tommaso Ciampa
Akam & Rezar,Angelo Dawkins & Montez Ford
Akam & Rezar,Otis Dozovic & Tucker Knight
Asuka,Liv Morgan
Asuka,Nikki Cross
Akam & Rezar,Angelo Dawkins & Montez Ford
Akam & Rezar,Angelo Dawkins & Montez Ford
Asuka,Nikki Cross
Akam & Rezar,Otis Dozovic & Tucker Knight
Asuka,Ember Moon & Nikki Cross
Akam & Rezar,Johnny Gargano & Tommaso Ciampa
Asuka,Mandy Rose
Asuka,Ember Moon & Nikki Cross
Asuka,Peyton Royce
Akam & Rezar,Johnny Gargano & Tommaso Ciampa
Asuka,Peyton Royce
Johnny Gargano & Tommaso Ciampa,Dash Wilder & Scott Dawson
Asuka,Billie Kay & Nikki Cross & Peyton Royce
Johnny Gargano & Tommaso Ciampa,Akam & Rezar
Asuka,Nikki Cross & Peyton Royce
Johnny Gargano & Tommaso Ciampa,Akam & Rezar
Asuka,Billie Kay & Nikki Cross
Johnny Gargano & Tommaso Ciampa,Dash Wilder & Scott Dawson
Johnny Gargano & Tommaso Ciampa,Dash Wilder & Scott Dawson
Asuka,Ember Moon
Asuka,Ember Moon
Johnny Gargano & Tommaso Ciampa,Dash Wilder & Scott Dawson
Johnny Gargano & Tommaso Ciampa,Riddick Moss & Tino Sabbatelli
Asuka,Ember Moon
Johnny Gargano & Tommaso Ciampa,Dash Wilder & Scott Dawson
Asuka,Peyton Royce
Asuka,Peyton Royce
Johnny Gargano & Tommaso Ciampa,Riddick Moss & Tino Sabbatelli
Johnny Gargano & Tommaso Ciampa,Riddick Moss & Tino Sabbatelli
Asuka,Peyton Royce
Asuka,Nia Jax
Johnny Gargano & Tommaso Ciampa,Akira Tozawa & Tajiri
Johnny Gargano & Tommaso Ciampa,Dash Wilder & Scott Dawson
Asuka,Ember Moon & Peyton Royce
Asuka,Ember Moon & Nikki Cross
Asuka,Mandy Rose
Asuka,Mandy Rose
Asuka,Peyton Royce
Asuka,Daria Berenato
Asuka,Ember Moon
Asuka,Daria Berenato
Asuka,Peyton Royce
Asuka,Aliyah
Asuka,Peyton Royce
Asuka,Daria Berenato
Dash Wilder & Scott Dawson,Nick Miller & Shane Thorne
Asuka,Ember Moon
Dash Wilder & Scott Dawson,Niko Bogojevic & Tucker Knight
Asuka,Ember Moon
Johnny Gargano & Tommaso Ciampa,Dash Wilder & Scott Dawson
Asuka,Ember Moon
Johnny Gargano & Tommaso Ciampa,Dash Wilder & Scott Dawson
Asuka,Billie Kay
Asuka,Nia Jax
Johnny Gargano & Tommaso Ciampa,Dash Wilder & Scott Dawson
Asuka,Nia Jax
Asuka,Ember Moon
Asuka,Billie Kay
Dash Wilder & Scott Dawson,Chad Gable & Jason Jordan
Asuka,Billie Kay
Asuka,Alexa Bliss
Chad Gable & Jason Jordan,Dash Wilder & Scott Dawson
Asuka,Billie Kay
Chad Gable & Jason Jordan,Dash Wilder & Scott Dawson
Asuka,Nia Jax
Dash Wilder & Scott Dawson,Chad Gable & Jason Jordan
Asuka,Peyton Royce
Asuka,Alexa Bliss & Nia Jax
Asuka,Peyton Royce
Dash Wilder & Scott Dawson,Chad Gable & Jason Jordan
Asuka,Alexa Bliss & Nia Jax
Asuka,Carmella
Asuka,Peyton Royce
Chad Gable & Jason Jordan,Dash Wilder & Scott Dawson
Asuka,Alexa Bliss & Nia Jax
Chad Gable & Jason Jordan,Dash Wilder & Scott Dawson
Chad Gable & Jason Jordan,Dash Wilder & Scott Dawson
Chad Gable & Jason Jordan,Gzim Selmani & Sunny Dhinsa
Asuka,Alexa Bliss
Chad Gable & Jason Jordan,Gzim Selmani & Sunny Dhinsa
Chad Gable & Jason Jordan,Alexander Wolfe & Sawyer Fulton
Chad Gable & Jason Jordan,Dash Wilder & Scott Dawson
Asuka,Alexa Bliss
Asuka,Alexa Bliss
Chad Gable & Jason Jordan,Tino Sabbatelli & Tucker Knight
Chad Gable & Jason Jordan,Dash Wilder & Scott Dawson
Asuka,Nia Jax
Asuka,Alexa Bliss
Chad Gable & Jason Jordan,Alexander Wolfe & Sawyer Fulton
Chad Gable & Jason Jordan,Alexander Wolfe & Sawyer Fulton
Asuka,Eva Marie
Chad Gable & Jason Jordan,Alexander Wolfe & Sawyer Fulton
Asuka,Alexa Bliss & Bayley
Chad Gable & Jason Jordan,Dash Wilder & Scott Dawson
Chad Gable & Jason Jordan,Dash Wilder & Scott Dawson
Asuka,Alexa Bliss
Chad Gable & Jason Jordan,Dash Wilder & Scott Dawson
Asuka,Peyton Royce
Chad Gable & Jason Jordan,Dash Wilder & Scott Dawson
Asuka,Alexa Bliss
Asuka,Aliyah
Chad Gable & Jason Jordan,Riddick Moss & Tino Sabbatelli
Asuka,Peyton Royce
Chad Gable & Jason Jordan,Alexander Wolfe & Sawyer Fulton
Asuka,Adrienne Reese
Chad Gable & Jason Jordan,Dash Wilder & Scott Dawson
Asuka,Peyton Royce
Chad Gable & Jason Jordan,Dash Wilder & Scott Dawson
Asuka,Eva Marie
Chad Gable & Jason Jordan,Dash Wilder & Scott Dawson
Asuka,Peyton Royce
Chad Gable & Jason Jordan,Dash Wilder & Scott Dawson
Bayley,Mandy Rose
Dash Wilder & Scott Dawson,Kenneth Crawford & Patrick Clark
Bayley,Aliyah
Bayley,Emma
Chad Gable & Jason Jordan,Dash Wilder & Scott Dawson
Dash Wilder & Scott Dawson,Chad Gable & Jason Jordan
Bayley,Nia Jax
Bayley,Asuka & Billie Kay & Peyton Royce
Bayley,Asuka & Billie Kay & Peyton Royce
Bayley,Nia Jax
Bayley,Emma
Dash Wilder & Scott Dawson,King Constantine & Thomas Kingdon
Chad Gable & Jason Jordan,Dash Wilder & Scott Dawson
Bayley,Alexa Bliss
Dash Wilder & Scott Dawson,Johnny Gargano & Tommaso Ciampa
Dash Wilder & Scott Dawson,Chad Gable & Jason Jordan
Bayley,Emma
Dash Wilder & Scott Dawson,Rich Swann & Tucker Knight
Bayley,Alexa Bliss & Asuka & Emma
Bayley,Nia Jax
Dash Wilder & Scott Dawson,Chad Gable & Jason Jordan
Bayley,Alexa Bliss
Bayley,Eva Marie
Dash Wilder & Scott Dawson,Chad Gable & Jason Jordan
Bayley,Alexa Bliss
Bayley,Liv Morgan
Dash Wilder & Scott Dawson,Mojo Rawley & Zack Ryder
Bayley,Alexa Bliss
Dash Wilder & Scott Dawson,Chad Gable & Jason Jordan
Bayley,Emma
Dash Wilder & Scott Dawson,Johnny Gargano & Tommaso Ciampa
Bayley,Nia Jax
Bayley,Nia Jax
Chad Gable & Jason Jordan,Dash Wilder & Scott Dawson
Dash Wilder & Scott Dawson,Big Cass & Enzo Amore
Bayley,Alexa Bliss
Bayley,Carmella
Dash Wilder & Scott Dawson,Colin Cassady & Enzo Amore
Bayley,Nia Jax
Colin Cassady & Enzo Amore,Dash Wilder & Scott Dawson
Bayley,Alexa Bliss
Dash Wilder & Scott Dawson,Colin Cassady & Enzo Amore
Bayley,Alexa Bliss
Dash Wilder & Scott Dawson,Big Cass & Enzo Amore
Bayley,Nia Jax
Bayley,Peyton Royce
Dash Wilder & Scott Dawson,Chad Gable & Jason Jordan
Bayley,Emma
Dash Wilder & Scott Dawson,Chad Gable & Jason Jordan
Dash Wilder & Scott Dawson,Big Cass & Enzo Amore
Bayley,Emma
Bayley,Emma
Dash Wilder & Scott Dawson,Chad Gable & Jason Jordan
Dash Wilder & Scott Dawson,Chad Gable & Jason Jordan
Bayley,Emma
Dash Wilder & Scott Dawson,Chad Gable & Jason Jordan
Bayley,Emma
Aiden English & Simon Gotch,Dash Wilder & Scott Dawson
Bayley,Billie Kay
Dash Wilder & Scott Dawson,Chad Gable & Jason Jordan
Dash Wilder & Scott Dawson,Hugo Knox & Tucker Knight
Bayley,Nia Jax
Dash Wilder & Scott Dawson,Aiden English & Simon Gotch
Bayley,Eva Marie
Chad Gable & Jason Jordan,Dash Wilder & Scott Dawson
Aiden English & Simon Gotch,Dash Wilder & Scott Dawson
Dash Wilder & Scott Dawson,Aiden English & Blake & Chad Gable & Jason Jordan & Murphy & Simon Gotch
Chad Gable & Jason Jordan,Dash Wilder & Scott Dawson
Dash Wilder & Scott Dawson,Colin Cassady & Enzo Amore
Bayley,Emma
Bayley,Alexa Bliss
Dash Wilder & Scott Dawson,Aiden English & Simon Gotch
Bayley,Alexa Bliss
Aiden English & Simon Gotch,Blake & Chad Gable & Jason Jordan & Mojo Rawley & Murphy & Zack Ryder
Bayley,Eva Marie
Bayley,Cameron
Aiden English & Simon Gotch,Dash Wilder & Scott Dawson
Aiden English & Simon Gotch,Chad Gable & Jason Jordan
Bayley,Emma
Bayley,Alexa Bliss
Aiden English & Simon Gotch,Dash Wilder & Scott Dawson
Bayley,Alexa Bliss & Emma
Aiden English & Simon Gotch,Dash Wilder & Scott Dawson
Bayley,Gionna Daddio
Aiden English & Simon Gotch,Chad Gable & Jason Jordan
Bayley,Dana Brooke & Emma
Bayley,Dana Brooke
Aiden English & Simon Gotch,Blake & Murphy
Bayley,Nia Jax
Aiden English & Simon Gotch,Chad Gable & Jason Jordan
Bayley,Emma
Bayley,Carmella
Bayley,Nia Jax
Bayley,Emma
Aiden English & Simon Gotch,Blake & Murphy
Aiden English & Simon Gotch,Blake & Chad Gable & Dash Wilder & Jason Jordan & Murphy & Scott Dawson
Aiden English & Simon Gotch,Blake & Murphy
Blake & Murphy,Aiden English & Simon Gotch
Blake & Murphy,Aiden English & Big Cass & Enzo Amore & Simon Gotch
Blake & Murphy,Mojo Rawley & Zack Ryder
Sasha Banks,Charlotte
Blake & Murphy,Mojo Rawley & Zack Ryder
Sasha Banks,Charlotte
Sasha Banks,Becky Lynch
Sasha Banks,Becky Lynch
Blake & Murphy,Colin Cassady & Enzo Amore
Sasha Banks,Charlotte
Sasha Banks,Bayley & Becky Lynch & Charlotte
Blake & Murphy,Jason Jordan & Solomon Crowe
Sasha Banks,Charlotte
Blake & Murphy,Aiden English & Simon Gotch
Sasha Banks,Charlotte
Buddy Murphy & Wesley Blake,Aiden English & Simon Gotch
Sasha Banks,Bayley
Sasha Banks,Charlotte
Blake & Murphy,Dash Wilder & Scott Dawson
Sasha Banks,Becky Lynch & Charlotte
Blake & Murphy,Aiden English & Colin Cassady & Enzo Amore & Simon Gotch
Sasha Banks,Charlotte
Blake & Murphy,Sawyer Fulton & Tucker Knight
Sasha Banks,Charlotte
Sasha Banks,Alexa Bliss & Bayley & Charlotte
Blake & Murphy,Aiden English & Simon Gotch
Blake & Murphy,Aiden English & Simon Gotch
Sasha Banks,Alexa Bliss
Sasha Banks,Charlotte
Buddy Murphy & Wesley Blake,Aiden English & Simon Gotch
Blake & Murphy,Aiden English & Simon Gotch
Buddy Murphy & Wesley Blake,Aiden English & Simon Gotch
Charlotte,Sasha Banks
Kalisto & Sin Cara,Aiden English & Simon Gotch
Kalisto & Sin Cara,Aiden English & Simon Gotch
Kalisto & Sin Cara,Aiden English & Simon Gotch
Kalisto & Sin Cara,Aiden English & Simon Gotch
Kalisto & Sin Cara,Konnor & Viktor
Kalisto & Sin Cara,Konnor & Viktor
Charlotte,Becky Lynch
Charlotte,Becky Lynch
Charlotte,Bayley
Kalisto & Sin Cara,Konnor & Viktor
Konnor & Viktor,Aiden English & Simon Gotch
Charlotte,Bayley
Charlotte,Bayley
Charlotte,Summer Rae
Konnor & Viktor,Camacho & Wesley Blake
Konnor & Viktor,Sami Zayn & Tyson Kidd
Konnor & Viktor,Jason Jordan & Tye Dillinger
Konnor & Viktor,Baron Corbin & Jason Jordan & Oliver Grey & Sawyer Fulton
Konnor & Viktor,Marcus Louis & Sylvester Lefort
Konnor O'Brian & Rick Viktor,Jason Jordan & Tye Dillinger
Konnor O'Brian & Rick Viktor,Jason Jordan & Mason Ryan
Conor O'Brian & Rick Victor,Camacho & Hunico
Paige,Natalya
Conor O'Brian & Rick Victor,Adrian Neville & Alexander Rusev & Colin Cassady & Corey Graves & Enzo Amore & Scott Dawson
Conor O'Brian & Rick Victor,Colin Cassady & Enzo Amore
Paige,Emma
Conor O'Brian & Rick Victor,Adrian Neville & Corey Graves
Adrian Neville & Corey Graves,Conor O'Brian & Rick Victor
Adrian Neville & Corey Graves,Leo Kruger & Rick Victor
Adrian Neville & Corey Graves,Conor O'Brian & Rick Victor
Adrian Neville & Corey Graves,Leo Kruger & Sami Zayn
Adrian Neville & Corey Graves,Kassius Ohno & Sami Zayn
Adrian Neville & Corey Graves,Leo Kruger & Sami Zayn
Paige,Summer Rae
Paige,Bayley
Erick Rowan & Luke Harper,Corey Graves & Kassius Ohno
Erick Rowan & Luke Harper,Adrian Neville & Bo Dallas
Lyra Valkyria,Xia Li
Andre Chase & Duke Hudson,"Channing ""Stacks"" Lorenzo & Tony D'Angelo"
Lyra Valkyria,Lola Vice
"Channing ""Stacks"" Lorenzo & Tony D'Angelo",Mark Coffey & Wolfgang
"Channing ""Stacks"" Lorenzo & Tony D'Angelo",Charlie Dempsey & Myles Borne
Lyra Valkyria,Lash Legend
Becky Lynch,Tiffany Stratton
Becky Lynch,Zoey Stark
Becky Lynch,Tiffany Stratton
Toni Storm,Bianca BelAir & Nikki Cross
Toni Storm,Rhea Ripley
Rhea Ripley,Dakota Kai
Asuka,Becky Lynch
Asuka,Natalya
Konnor & Viktor,R-Truth & Xavier Woods
Lyra Valkyria,Karmen Petrovic & Tiffany Stratton
Andre Chase & Duke Hudson,"Angel Garza & Channing ""Stacks"" Lorenzo & Humberto Carrillo & Tony D'Angelo"
"Channing ""Stacks"" Lorenzo & Tony D'Angelo",Noam Dar & Oro Mensah
Tiffany Stratton,Ivy Nile
Tiffany Stratton,Valentina Feroz
"Channing ""Stacks"" Lorenzo & Tony D'Angelo",Jagger Reid & Rip Fowler
Tiffany Stratton,Thea Hail
Mark Coffey & Wolfgang,Andre Chase & Duke Hudson
Tiffany Stratton,Kelani Jordan
Tiffany Stratton,Ivy Nile & Thea Hail
Tiffany Stratton,Thea Hail
Tiffany Stratton,Lyra Valkyria
Mark Coffey & Wolfgang,Brooks Jensen & Josh Briggs
Indi Hartwell,Cora Jade & Thea Hail
Alba Fyre & Isla Dawn,Katana Chance & Kayden Carter
Mark Coffey & Wolfgang,Hank Walker & Tank Ledger
Fallon Henley & Kiana James,Alba Fyre & Isla Dawn
Fallon Henley & Kiana James,Alba Fyre & Isla Dawn & Ivy Nile & Katana Chance & Kayden Carter & Tatum Paxley
Mark Coffey & Wolfgang,Brooks Jensen & Josh Briggs
Roxanne Perez,Lash Legend
Fallon Henley & Kiana James,Alba Fyre & Isla Dawn & Ivy Nile & Tatum Paxley
Mark Coffey & Wolfgang,Andre Chase & Duke Hudson
Fallon Henley & Kiana James,Elektra Lopez & Lola Vice
Roxanne Perez,Cora Jade
Katana Chance & Kayden Carter,Jakara Jackson & Lash Legend
Roxanne Perez,Cora Jade & Jacy Jayne & Thea Hail
Ivy Nile,Mandy Rose
Elton Prince & Kit Wilson,Edris Enofé & Malik Blade
Elton Prince & Kit Wilson,Carmelo Hayes & Trick Williams
Katana Chance & Kayden Carter,Elektra Lopez & Kiana James
Katana Chance & Kayden Carter,Jakara Jackson & Lash Legend
Elton Prince & Kit Wilson,Hank Walker & Unknown Male Wrestler
Mandy Rose,Thea Hail
Elton Prince & Kit Wilson,Edris Enofé & Malik Blade
Mandy Rose,Nikkita Lyons
Katana Chance & Kayden Carter,Arianna Grace & Kiana James
Mandy Rose,Ivy Nile
Brutus Creed & Julius Creed,Joe Coffey & Mark Coffey
Brutus Creed & Julius Creed,Andre Chase & Bodhi Hayward
Katana Chance & Kayden Carter,Jakara Jackson & Lash Legend
Zoey Stark,Mandy Rose
Mandy Rose,Ivy Nile
Brutus Creed & Julius Creed,Dyad #2 & Joe Gacy
Cora Jade & Roxanne Perez,Gigi Dolin & Jacy Jayne
Mandy Rose,Indi Hartwell
Matt Riddle & Pete Dunne,Brendan Vink & Shane Thorne
Matt Riddle & Pete Dunne,Brendan Vink & Shane Thorne
Rhea Ripley,Chelsea Green
Matt Riddle & Pete Dunne,Fabian Aichner & Marcel Barthel
Rhea Ripley,Chelsea Green
Rhea Ripley,Bianca BelAir
Matt Riddle & Pete Dunne,Bobby Fish & Kyle O'Reilly
Rhea Ripley,Bianca BelAir
Rhea Ripley,Shayna Baszler
Rhea Ripley,Shayna Baszler
Shayna Baszler,Candice LeRae
Shayna Baszler,Reina Gonzalez
Shayna Baszler,Dakota Kai
Bobby Fish & Kyle O'Reilly,Matt Riddle & Pete Dunne
Bobby Fish & Kyle O'Reilly,Angelo Dawkins & Montez Ford
Shayna Baszler,Candice LeRae
Shayna Baszler,Dakota Kai
Bobby Fish & Kyle O'Reilly,Fabian Aichner & Marcel Barthel
Shayna Baszler,Candice LeRae
Bobby Fish & Kyle O'Reilly,Angelo Dawkins & Montez Ford
Candice LeRae,Shayna Baszler
Bobby Fish & Kyle O'Reilly,Angelo Dawkins & Montez Ford
Kay Lee Ray,Taynara Conti
Mia Yim,Shayna Baszler
Shayna Baszler,Mia Yim
Angelo Dawkins & Montez Ford,Steve Cutler & Wesley Blake
Angelo Dawkins & Montez Ford,Steve Cutler & Wesley Blake
Shayna Baszler,Mia Yim
Angelo Dawkins & Montez Ford,Steve Cutler & Wesley Blake
Angelo Dawkins & Montez Ford,Steve Cutler & Wesley Blake
Shayna Baszler,Mia Yim
Angelo Dawkins & Montez Ford,Steve Cutler & Wesley Blake
Shayna Baszler,Rachel Evers
Angelo Dawkins & Montez Ford,Steve Cutler & Wesley Blake
Shayna Baszler,Mia Yim
Angelo Dawkins & Montez Ford,Steve Cutler & Wesley Blake
Shayna Baszler,Jessi Kamea
Angelo Dawkins & Montez Ford,Brendan Vink & Jermaine Haley
Angelo Dawkins & Montez Ford,Steve Cutler & Wesley Blake
Shayna Baszler,Jessie Elaban
Shayna Baszler,Kacy Catanzaro
Shayna Baszler,Kacy Catanzaro
Shayna Baszler,Kacy Catanzaro
Shayna Baszler,Kacy Catanzaro
Shayna Baszler,Mia Yim
Shayna Baszler,Io Shirai
Shayna Baszler,Bianca BelAir & Io Shirai & Kairi Sane
Hanson & Rowe,Angelo Dawkins & James Drake & Montez Ford & Steve Cutler & Wesley Blake & Zack Gibson
Hanson & Rowe,Bobby Fish & Kyle O'Reilly
Hanson & Rowe,Bobby Fish & Kyle O'Reilly
Hanson & Rowe,Kassius Ohno & Luke Menzies
Shayna Baszler,Bianca BelAir & Io Shirai & Kairi Sane
Shayna Baszler,Bianca BelAir
Hanson & Rowe,Bobby Fish & Kyle O'Reilly
Shayna Baszler,Bianca BelAir
Hanson & Rowe,Jaxson Ryker & Steve Cutler
Shayna Baszler,Mia Yim
Hanson & Rowe,Bobby Fish & Kyle O'Reilly
Shayna Baszler,Bianca BelAir
Shayna Baszler,Bianca BelAir
Hanson & Rowe,Kyle O'Reilly & Roderick Strong
Hanson & Rowe,Denzel Dejournette & Eric Bugenhagen
Hanson & Rowe,Steve Cutler & Wesley Blake
Hanson & Rowe,Fabian Aichner & Marcel Barthel
Shayna Baszler,Candice LeRae
Hanson & Rowe,Steve Cutler & Wesley Blake
Hanson & Rowe,Fabian Aichner & Marcel Barthel
Shayna Baszler,Candice LeRae
Bianca BelAir,Shayna Baszler
Hanson & Rowe,Bobby Fish & Roderick Strong
Bobby Fish & Roderick Strong,Humberto Carrillo & Raul Mendoza
Bianca BelAir,Shayna Baszler
Rhea Ripley,Aliyah & Bianca BelAir & Kairi Sane
Kyle O'Reilly & Roderick Strong,Otis Dozovic & Tucker Knight
Kairi Sane,Shayna Baszler
Kyle O'Reilly & Roderick Strong,Otis Dozovic & Tucker Knight
Shayna Baszler,Candice LeRae
Rhea Ripley,Reina Gonzalez
Rhea Ripley,Candice LeRae
Rhea Ripley,Nikki Cross
Kyle O'Reilly & Roderick Strong,Angelo Dawkins & Montez Ford
Rhea Ripley,Deonna Purrazzo
Kairi Sane,Lacey Evans
Rhea Ripley,Jessie Elaban
Rhea Ripley,Nikki Cross
Hanson & Rowe,Kyle O'Reilly & Roderick Strong
Hanson & Rowe,Kyle O'Reilly & Roderick Strong
Hanson & Rowe,Kyle O'Reilly & Roderick Strong
Rhea Ripley,Kacy Catanzaro
Shayna Baszler,Kairi Sane
Kyle O'Reilly & Roderick Strong,Trent Seven & Tyler Bate
Kyle O'Reilly & Roderick Strong,Nick Miller & Shane Thorne
Kyle O'Reilly & Roderick Strong,Angelo Dawkins & Montez Ford
Angelo Dawkins & Montez Ford,Kyle O'Reilly & Roderick Strong
Kyle O'Reilly & Roderick Strong,Otis Dozovic & Tucker Knight
Shayna Baszler,Candice LeRae
Kyle O'Reilly & Roderick Strong,Otis Dozovic & Tucker Knight
Shayna Baszler,Candice LeRae
Shayna Baszler,Nikki Cross
Kyle O'Reilly & Roderick Strong,Nick Miller & Shane Thorne
Shayna Baszler,Dakota Kai
Kyle O'Reilly & Roderick Strong,Danny Burch & Oney Lorcan
Kyle O'Reilly & Roderick Strong,Danny Burch & Oney Lorcan
Shayna Baszler,Nikki Cross
Kyle O'Reilly & Roderick Strong,Danny Burch & Oney Lorcan
Shayna Baszler,Nikki Cross
Shayna Baszler,Nikki Cross
Shayna Baszler,Candice LeRae
Pete Dunne & Tyler Bate,Kyle O'Reilly & Roderick Strong
Otis Dozovic & Tucker Knight,Kyle O'Reilly & Roderick Strong
Kyle O'Reilly & Roderick Strong,Angelo Dawkins & Montez Ford
Shayna Baszler,Dakota Kai
Kyle O'Reilly & Roderick Strong,Dash Wilder & Scott Dawson
Kyle O'Reilly & Roderick Strong,Angelo Dawkins & Montez Ford
Shayna Baszler,Dakota Kai
Kyle O'Reilly & Roderick Strong,Dash Wilder & Scott Dawson
Shayna Baszler,Dakota Kai
Kyle O'Reilly & Roderick Strong,Angelo Dawkins & Montez Ford
Shayna Baszler,Steffanie Newell
Shayna Baszler,Nikki Cross
Shayna Baszler,Kairi Sane
Shayna Baszler,Candice LeRae
Shayna Baszler,Dakota Kai
Kyle O'Reilly & Roderick Strong,Trent Seven & Tyler Bate
Ember Moon,Lacey Evans
Ember Moon,Shayna Baszler
Bobby Fish & Kyle O'Reilly,Otis Dozovic & Tucker Knight
Bobby Fish & Kyle O'Reilly,Angelo Dawkins & Montez Ford
Ember Moon,Aliyah & Nikki Cross
Bobby Fish & Kyle O'Reilly,Steve Cutler & Wesley Blake
Ember Moon,Bianca BelAir
Bobby Fish & Kyle O'Reilly,Angelo Dawkins & Montez Ford
Bobby Fish & Kyle O'Reilly,Akam & Rezar
Bobby Fish & Kyle O'Reilly,Otis Dozovic & Tucker Knight
Ember Moon,Bianca BelAir
Ember Moon,Bianca BelAir
Bobby Fish & Kyle O'Reilly,Nick Miller & Shane Thorne
Bobby Fish & Kyle O'Reilly,Otis Dozovic & Tucker Knight
Ember Moon,Vanessa Borne
Bobby Fish & Kyle O'Reilly,Angelo Dawkins & Montez Ford
Ember Moon,Sage Beckett
Bobby Fish & Kyle O'Reilly,Angelo Dawkins & Montez Ford
Ember Moon,Bianca BelAir
Ember Moon,Vanessa Borne
Bobby Fish & Kyle O'Reilly,Angelo Dawkins & Montez Ford
Ember Moon,Bianca BelAir
Ember Moon,Lacey Evans
Bobby Fish & Kyle O'Reilly,Akam & Rezar
Bobby Fish & Kyle O'Reilly,Eric Young & Killian Dain
Ember Moon,Bianca BelAir
Bobby Fish & Kyle O'Reilly,Eric Young & Killian Dain
Ember Moon,Bianca BelAir
Bobby Fish & Kyle O'Reilly,Eric Young & Killian Dain
Ember Moon,Sonya Deville
Alexander Wolfe & Eric Young,Bobby Fish & Kyle O'Reilly
Alexander Wolfe & Eric Young,Bobby Fish & Kyle O'Reilly
Alexander Wolfe & Eric Young,Bobby Fish & Kyle O'Reilly
Alexander Wolfe & Eric Young,Akam & Rezar
Akam & Rezar,Alexander Wolfe & Eric Young
Alexander Wolfe & Eric Young,Riddick Moss & Tino Sabbatelli
Alexander Wolfe & Eric Young,Riddick Moss & Tino Sabbatelli
Alexander Wolfe & Eric Young,Riddick Moss & Tino Sabbatelli
Alexander Wolfe & Eric Young,Otis Dozovic & Tucker Knight
Asuka,Ember Moon & Nikki Cross
Alexander Wolfe & Eric Young,Akam & Rezar
Asuka,Ember Moon
Alexander Wolfe & Eric Young,Akam & Rezar
Akam & Rezar,Alexander Wolfe & Eric Young
Asuka,Ember Moon & Nikki Cross
Akam & Rezar,Alexander Wolfe & Eric Young
Asuka,Nikki Cross
Akam & Rezar,Otis Dozovic & Tucker Knight
Asuka,Nikki Cross
Akam & Rezar,Otis Dozovic & Tucker Knight
Asuka,Nikki Cross
Akam & Rezar,Alexander Wolfe & Killian Dain
Akam & Rezar,Otis Dozovic & Tucker Knight
Asuka,Nikki Cross
Asuka,Nikki Cross
Akam & Rezar,Riddick Moss & Tino Sabbatelli
Asuka,Ember Moon
Asuka,Ruby Riot
Akam & Rezar,Gentleman Jack Gallagher & Wolfgang
Asuka,Ember Moon
Akam & Rezar,Alexander Wolfe & Killian Dain
Asuka,Peyton Royce
Akam & Rezar,Alexander Wolfe & Killian Dain
Asuka,Sonya Deville
Asuka,Bianca Blair
Asuka,Sonya Deville
Asuka,Sonya Deville
Akam & Rezar,Johnny Gargano & Tommaso Ciampa
Asuka,Ember Moon
Akam & Rezar,Johnny Gargano & Tommaso Ciampa
Asuka,Daria Berenato
Akam & Rezar,Dash Wilder & Johnny Gargano & Scott Dawson & Tommaso Ciampa
Akam & Rezar,Angelo Dawkins & Montez Ford
Akam & Rezar,Otis Dozovic & Tucker Knight
Asuka,Liv Morgan
Asuka,Nikki Cross
Akam & Rezar,Angelo Dawkins & Montez Ford
Akam & Rezar,Angelo Dawkins & Montez Ford
Asuka,Nikki Cross
Akam & Rezar,Otis Dozovic & Tucker Knight
Asuka,Ember Moon & Nikki Cross
Akam & Rezar,Johnny Gargano & Tommaso Ciampa
Asuka,Mandy Rose
Asuka,Ember Moon & Nikki Cross
Asuka,Peyton Royce
Akam & Rezar,Johnny Gargano & Tommaso Ciampa
Asuka,Peyton Royce
Johnny Gargano & Tommaso Ciampa,Dash Wilder & Scott Dawson
Asuka,Billie Kay & Nikki Cross & Peyton Royce
Johnny Gargano & Tommaso Ciampa,Akam & Rezar
Asuka,Nikki Cross & Peyton Royce
Johnny Gargano & Tommaso Ciampa,Akam & Rezar
Asuka,Billie Kay & Nikki Cross
Johnny Gargano & Tommaso Ciampa,Dash Wilder & Scott Dawson
Johnny Gargano & Tommaso Ciampa,Dash Wilder & Scott Dawson
Asuka,Ember Moon
Asuka,Ember Moon
Johnny Gargano & Tommaso Ciampa,Dash Wilder & Scott Dawson
Johnny Gargano & Tommaso Ciampa,Riddick Moss & Tino Sabbatelli
Asuka,Ember Moon
Johnny Gargano & Tommaso Ciampa,Dash Wilder & Scott Dawson
Asuka,Peyton Royce
Asuka,Peyton Royce
Johnny Gargano & Tommaso Ciampa,Riddick Moss & Tino Sabbatelli
Johnny Gargano & Tommaso Ciampa,Riddick Moss & Tino Sabbatelli
Asuka,Peyton Royce
Asuka,Nia Jax
Johnny Gargano & Tommaso Ciampa,Akira Tozawa & Tajiri
Johnny Gargano & Tommaso Ciampa,Dash Wilder & Scott Dawson
Asuka,Ember Moon & Peyton Royce
Asuka,Ember Moon & Nikki Cross
Asuka,Mandy Rose
Asuka,Mandy Rose
Asuka,Peyton Royce
Asuka,Daria Berenato
Asuka,Ember Moon
Asuka,Daria Berenato
Asuka,Peyton Royce
Asuka,Aliyah
Asuka,Peyton Royce
Asuka,Daria Berenato
Dash Wilder & Scott Dawson,Nick Miller & Shane Thorne
Asuka,Ember Moon
Dash Wilder & Scott Dawson,Niko Bogojevic & Tucker Knight
Asuka,Ember Moon
Johnny Gargano & Tommaso Ciampa,Dash Wilder & Scott Dawson
Asuka,Ember Moon
Johnny Gargano & Tommaso Ciampa,Dash Wilder & Scott Dawson
Asuka,Billie Kay
Asuka,Nia Jax
Johnny Gargano & Tommaso Ciampa,Dash Wilder & Scott Dawson
Asuka,Nia Jax
Asuka,Ember Moon
Asuka,Billie Kay
Dash Wilder & Scott Dawson,Chad Gable & Jason Jordan
Asuka,Billie Kay
Asuka,Alexa Bliss
Chad Gable & Jason Jordan,Dash Wilder & Scott Dawson
Asuka,Billie Kay
Chad Gable & Jason Jordan,Dash Wilder & Scott Dawson
Asuka,Nia Jax
Dash Wilder & Scott Dawson,Chad Gable & Jason Jordan
Asuka,Peyton Royce
Asuka,Alexa Bliss & Nia Jax
Asuka,Peyton Royce
Dash Wilder & Scott Dawson,Chad Gable & Jason Jordan
Asuka,Alexa Bliss & Nia Jax
Asuka,Carmella
Asuka,Peyton Royce
Chad Gable & Jason Jordan,Dash Wilder & Scott Dawson
Asuka,Alexa Bliss & Nia Jax
Chad Gable & Jason Jordan,Dash Wilder & Scott Dawson
Chad Gable & Jason Jordan,Dash Wilder & Scott Dawson
Chad Gable & Jason Jordan,Gzim Selmani & Sunny Dhinsa
Asuka,Alexa Bliss
Chad Gable & Jason Jordan,Gzim Selmani & Sunny Dhinsa
Chad Gable & Jason Jordan,Alexander Wolfe & Sawyer Fulton
Chad Gable & Jason Jordan,Dash Wilder & Scott Dawson
Asuka,Alexa Bliss
Asuka,Alexa Bliss
Chad Gable & Jason Jordan,Tino Sabbatelli & Tucker Knight
Chad Gable & Jason Jordan,Dash Wilder & Scott Dawson
Asuka,Nia Jax
Asuka,Alexa Bliss
Chad Gable & Jason Jordan,Alexander Wolfe & Sawyer Fulton
Chad Gable & Jason Jordan,Alexander Wolfe & Sawyer Fulton
Asuka,Eva Marie
Chad Gable & Jason Jordan,Alexander Wolfe & Sawyer Fulton
Asuka,Alexa Bliss & Bayley
Chad Gable & Jason Jordan,Dash Wilder & Scott Dawson
Chad Gable & Jason Jordan,Dash Wilder & Scott Dawson
Asuka,Alexa Bliss
Chad Gable & Jason Jordan,Dash Wilder & Scott Dawson
Asuka,Peyton Royce
Chad Gable & Jason Jordan,Dash Wilder & Scott Dawson
Asuka,Alexa Bliss
Asuka,Aliyah
Chad Gable & Jason Jordan,Riddick Moss & Tino Sabbatelli
Asuka,Peyton Royce
Chad Gable & Jason Jordan,Alexander Wolfe & Sawyer Fulton
Asuka,Adrienne Reese
Chad Gable & Jason Jordan,Dash Wilder & Scott Dawson
Asuka,Peyton Royce
Chad Gable & Jason Jordan,Dash Wilder & Scott Dawson
Asuka,Eva Marie
Chad Gable & Jason Jordan,Dash Wilder & Scott Dawson
Asuka,Peyton Royce
Chad Gable & Jason Jordan,Dash Wilder & Scott Dawson
Bayley,Mandy Rose
Dash Wilder & Scott Dawson,Kenneth Crawford & Patrick Clark
Bayley,Aliyah
Bayley,Emma
Chad Gable & Jason Jordan,Dash Wilder & Scott Dawson
Dash Wilder & Scott Dawson,Chad Gable & Jason Jordan
Bayley,Nia Jax
Bayley,Asuka & Billie Kay & Peyton Royce
Bayley,Asuka & Billie Kay & Peyton Royce
Bayley,Nia Jax
Bayley,Emma
Dash Wilder & Scott Dawson,King Constantine & Thomas Kingdon
Chad Gable & Jason Jordan,Dash Wilder & Scott Dawson
Bayley,Alexa Bliss
Dash Wilder & Scott Dawson,Johnny Gargano & Tommaso Ciampa
Dash Wilder & Scott Dawson,Chad Gable & Jason Jordan
Bayley,Emma
Dash Wilder & Scott Dawson,Rich Swann & Tucker Knight
Bayley,Alexa Bliss & Asuka & Emma
Bayley,Nia Jax
Dash Wilder & Scott Dawson,Chad Gable & Jason Jordan
Bayley,Alexa Bliss
Bayley,Eva Marie
Dash Wilder & Scott Dawson,Chad Gable & Jason Jordan
Bayley,Alexa Bliss
Bayley,Liv Morgan
Dash Wilder & Scott Dawson,Mojo Rawley & Zack Ryder
Bayley,Alexa Bliss
Dash Wilder & Scott Dawson,Chad Gable & Jason Jordan
Bayley,Emma
Dash Wilder & Scott Dawson,Johnny Gargano & Tommaso Ciampa
Bayley,Nia Jax
Bayley,Nia Jax
Chad Gable & Jason Jordan,Dash Wilder & Scott Dawson
Dash Wilder & Scott Dawson,Big Cass & Enzo Amore
Bayley,Alexa Bliss
Bayley,Carmella
Dash Wilder & Scott Dawson,Colin Cassady & Enzo Amore
Bayley,Nia Jax
Colin Cassady & Enzo Amore,Dash Wilder & Scott Dawson
Bayley,Alexa Bliss
Dash Wilder & Scott Dawson,Colin Cassady & Enzo Amore
Bayley,Alexa Bliss
Dash Wilder & Scott Dawson,Big Cass & Enzo Amore
Bayley,Nia Jax
Bayley,Peyton Royce
Dash Wilder & Scott Dawson,Chad Gable & Jason Jordan
Bayley,Emma
Dash Wilder & Scott Dawson,Chad Gable & Jason Jordan
Dash Wilder & Scott Dawson,Big Cass & Enzo Amore
Bayley,Emma
Bayley,Emma
Dash Wilder & Scott Dawson,Chad Gable & Jason Jordan
Dash Wilder & Scott Dawson,Chad Gable & Jason Jordan
Bayley,Emma
Dash Wilder & Scott Dawson,Chad Gable & Jason Jordan
Bayley,Emma
Aiden English & Simon Gotch,Dash Wilder & Scott Dawson
Bayley,Billie Kay
Dash Wilder & Scott Dawson,Chad Gable & Jason Jordan
Dash Wilder & Scott Dawson,Hugo Knox & Tucker Knight
Bayley,Nia Jax
Dash Wilder & Scott Dawson,Aiden English & Simon Gotch
Bayley,Eva Marie
Chad Gable & Jason Jordan,Dash Wilder & Scott Dawson
Aiden English & Simon Gotch,Dash Wilder & Scott Dawson
Dash Wilder & Scott Dawson,Aiden English & Blake & Chad Gable & Jason Jordan & Murphy & Simon Gotch
Chad Gable & Jason Jordan,Dash Wilder & Scott Dawson
Dash Wilder & Scott Dawson,Colin Cassady & Enzo Amore
Bayley,Emma
Bayley,Alexa Bliss
Dash Wilder & Scott Dawson,Aiden English & Simon Gotch
Bayley,Alexa Bliss
Aiden English & Simon Gotch,Blake & Chad Gable & Jason Jordan & Mojo Rawley & Murphy & Zack Ryder
Bayley,Eva Marie
Bayley,Cameron
Aiden English & Simon Gotch,Dash Wilder & Scott Dawson
Aiden English & Simon Gotch,Chad Gable & Jason Jordan
Bayley,Emma
Bayley,Alexa Bliss
Aiden English & Simon Gotch,Dash Wilder & Scott Dawson
Bayley,Alexa Bliss & Emma
Aiden English & Simon Gotch,Dash Wilder & Scott Dawson
Bayley,Gionna Daddio
Aiden English & Simon Gotch,Chad Gable & Jason Jordan
Bayley,Dana Brooke & Emma
Bayley,Dana Brooke
Aiden English & Simon Gotch,Blake & Murphy
Bayley,Nia Jax
Aiden English & Simon Gotch,Chad Gable & Jason Jordan
Bayley,Emma
Bayley,Carmella
Bayley,Nia Jax
Bayley,Emma
Aiden English & Simon Gotch,Blake & Murphy
Aiden English & Simon Gotch,Blake & Chad Gable & Dash Wilder & Jason Jordan & Murphy & Scott Dawson
Aiden English & Simon Gotch,Blake & Murphy
Blake & Murphy,Aiden English & Simon Gotch
Blake & Murphy,Aiden English & Big Cass & Enzo Amore & Simon Gotch
Blake & Murphy,Mojo Rawley & Zack Ryder
Sasha Banks,Charlotte
Blake & Murphy,Mojo Rawley & Zack Ryder
Sasha Banks,Charlotte
Sasha Banks,Becky Lynch
Sasha Banks,Becky Lynch
Blake & Murphy,Colin Cassady & Enzo Amore
Sasha Banks,Charlotte
Sasha Banks,Bayley & Becky Lynch & Charlotte
Blake & Murphy,Jason Jordan & Solomon Crowe
Sasha Banks,Charlotte
Blake & Murphy,Aiden English & Simon Gotch
Sasha Banks,Charlotte
Buddy Murphy & Wesley Blake,Aiden English & Simon Gotch
Sasha Banks,Bayley
Sasha Banks,Charlotte
Blake & Murphy,Dash Wilder & Scott Dawson
Sasha Banks,Becky Lynch & Charlotte
Blake & Murphy,Aiden English & Colin Cassady & Enzo Amore & Simon Gotch
Sasha Banks,Charlotte
Blake & Murphy,Sawyer Fulton & Tucker Knight
Sasha Banks,Charlotte
Sasha Banks,Alexa Bliss & Bayley & Charlotte
Blake & Murphy,Aiden English & Simon Gotch
Blake & Murphy,Aiden English & Simon Gotch
Sasha Banks,Alexa Bliss
Sasha Banks,Charlotte
Buddy Murphy & Wesley Blake,Aiden English & Simon Gotch
Blake & Murphy,Aiden English & Simon Gotch
Buddy Murphy & Wesley Blake,Aiden English & Simon Gotch
Charlotte,Sasha Banks
Kalisto & Sin Cara,Aiden English & Simon Gotch
Kalisto & Sin Cara,Aiden English & Simon Gotch
Kalisto & Sin Cara,Aiden English & Simon Gotch
Kalisto & Sin Cara,Aiden English & Simon Gotch
Kalisto & Sin Cara,Konnor & Viktor
Kalisto & Sin Cara,Konnor & Viktor
Charlotte,Becky Lynch
Charlotte,Becky Lynch
Charlotte,Bayley
Kalisto & Sin Cara,Konnor & Viktor
Konnor & Viktor,Aiden English & Simon Gotch
Charlotte,Bayley
Charlotte,Bayley
Charlotte,Summer Rae
Konnor & Viktor,Camacho & Wesley Blake
Konnor & Viktor,Sami Zayn & Tyson Kidd
Konnor & Viktor,Jason Jordan & Tye Dillinger
Konnor & Viktor,Baron Corbin & Jason Jordan & Oliver Grey & Sawyer Fulton
Konnor & Viktor,Marcus Louis & Sylvester Lefort
Konnor O'Brian & Rick Viktor,Jason Jordan & Tye Dillinger
Konnor O'Brian & Rick Viktor,Jason Jordan & Mason Ryan
Conor O'Brian & Rick Victor,Camacho & Hunico
Paige,Natalya
Conor O'Brian & Rick Victor,Adrian Neville & Alexander Rusev & Colin Cassady & Corey Graves & Enzo Amore & Scott Dawson
Conor O'Brian & Rick Victor,Colin Cassady & Enzo Amore
Paige,Emma
Conor O'Brian & Rick Victor,Adrian Neville & Corey Graves
Adrian Neville & Corey Graves,Conor O'Brian & Rick Victor
Adrian Neville & Corey Graves,Leo Kruger & Rick Victor
Adrian Neville & Corey Graves,Conor O'Brian & Rick Victor
Adrian Neville & Corey Graves,Leo Kruger & Sami Zayn
Adrian Neville & Corey Graves,Kassius Ohno & Sami Zayn
Adrian Neville & Corey Graves,Leo Kruger & Sami Zayn
Paige,Summer Rae
Paige,Bayley
Erick Rowan & Luke Harper,Corey Graves & Kassius Ohno
Erick Rowan & Luke Harper,Adrian Neville & Bo Dallas
Lyra Valkyria,Xia Li
Andre Chase & Duke Hudson,"Channing ""Stacks"" Lorenzo & Tony D'Angelo"
Lyra Valkyria,Lola Vice
"Channing ""Stacks"" Lorenzo & Tony D'Angelo",Mark Coffey & Wolfgang
"Channing ""Stacks"" Lorenzo & Tony D'Angelo",Charlie Dempsey & Myles Borne
Lyra Valkyria,Lash Legend
Becky Lynch,Tiffany Stratton
Becky Lynch,Zoey Stark
Becky Lynch,Tiffany Stratton
Toni Storm,Bianca BelAir & Nikki Cross
Toni Storm,Rhea Ripley
Rhea Ripley,Dakota Kai
Asuka,Becky Lynch
Asuka,Natalya
Konnor & Viktor,R-Truth & Xavier Woods
Lyra Valkyria,Karmen Petrovic & Tiffany Stratton
Andre Chase & Duke Hudson,"Angel Garza & Channing ""Stacks"" Lorenzo & Humberto Carrillo & Tony D'Angelo"
"Channing ""Stacks"" Lorenzo & Tony D'Angelo",Noam Dar & Oro Mensah
Tiffany Stratton,Ivy Nile
Tiffany Stratton,Valentina Feroz
"Channing ""Stacks"" Lorenzo & Tony D'Angelo",Jagger Reid & Rip Fowler
Tiffany Stratton,Thea Hail
Mark Coffey & Wolfgang,Andre Chase & Duke Hudson
Tiffany Stratton,Kelani Jordan
Tiffany Stratton,Ivy Nile & Thea Hail
Tiffany Stratton,Thea Hail
Tiffany Stratton,Lyra Valkyria
Mark Coffey & Wolfgang,Brooks Jensen & Josh Briggs
Indi Hartwell,Cora Jade & Thea Hail
Alba Fyre & Isla Dawn,Katana Chance & Kayden Carter
Mark Coffey & Wolfgang,Hank Walker & Tank Ledger
Fallon Henley & Kiana James,Alba Fyre & Isla Dawn
Fallon Henley & Kiana James,Alba Fyre & Isla Dawn & Ivy Nile & Katana Chance & Kayden Carter & Tatum Paxley
Mark Coffey & Wolfgang,Brooks Jensen & Josh Briggs
Roxanne Perez,Lash Legend
Fallon Henley & Kiana James,Alba Fyre & Isla Dawn & Ivy Nile & Tatum Paxley
Mark Coffey & Wolfgang,Andre Chase & Duke Hudson
Fallon Henley & Kiana James,Elektra Lopez & Lola Vice
Roxanne Perez,Cora Jade
Katana Chance & Kayden Carter,Jakara Jackson & Lash Legend
Roxanne Perez,Cora Jade & Jacy Jayne & Thea Hail
Ivy Nile,Mandy Rose
Elton Prince & Kit Wilson,Edris Enofé & Malik Blade
Elton Prince & Kit Wilson,Carmelo Hayes & Trick Williams
Katana Chance & Kayden Carter,Elektra Lopez & Kiana James
Katana Chance & Kayden Carter,Jakara Jackson & Lash Legend
Elton Prince & Kit Wilson,Hank Walker & Unknown Male Wrestler
Mandy Rose,Thea Hail
Elton Prince & Kit Wilson,Edris Enofé & Malik Blade
Mandy Rose,Nikkita Lyons
Katana Chance & Kayden Carter,Arianna Grace & Kiana James
Mandy Rose,Ivy Nile
Brutus Creed & Julius Creed,Joe Coffey & Mark Coffey
Brutus Creed & Julius Creed,Andre Chase & Bodhi Hayward
Katana Chance & Kayden Carter,Jakara Jackson & Lash Legend
Zoey Stark,Mandy Rose
Mandy Rose,Ivy Nile
Brutus Creed & Julius Creed,Dyad #2 & Joe Gacy
Cora Jade & Roxanne Perez,Gigi Dolin & Jacy Jayne
Mandy Rose,Indi Hartwell
Matt Riddle & Pete Dunne,Brendan Vink & Shane Thorne
Matt Riddle & Pete Dunne,Brendan Vink & Shane Thorne
Rhea Ripley,Chelsea Green
Matt Riddle & Pete Dunne,Fabian Aichner & Marcel Barthel
Rhea Ripley,Chelsea Green
Rhea Ripley,Bianca BelAir
Matt Riddle & Pete Dunne,Bobby Fish & Kyle O'Reilly
Rhea Ripley,Bianca BelAir
Rhea Ripley,Shayna Baszler
Rhea Ripley,Shayna Baszler
Shayna Baszler,Candice LeRae
Shayna Baszler,Reina Gonzalez
Shayna Baszler,Dakota Kai
Bobby Fish & Kyle O'Reilly,Matt Riddle & Pete Dunne
Bobby Fish & Kyle O'Reilly,Angelo Dawkins & Montez Ford
Shayna Baszler,Candice LeRae
Shayna Baszler,Dakota Kai
Bobby Fish & Kyle O'Reilly,Fabian Aichner & Marcel Barthel
Shayna Baszler,Candice LeRae
Bobby Fish & Kyle O'Reilly,Angelo Dawkins & Montez Ford
Candice LeRae,Shayna Baszler
Bobby Fish & Kyle O'Reilly,Angelo Dawkins & Montez Ford
Kay Lee Ray,Taynara Conti
Mia Yim,Shayna Baszler
Shayna Baszler,Mia Yim
Angelo Dawkins & Montez Ford,Steve Cutler & Wesley Blake
Angelo Dawkins & Montez Ford,Steve Cutler & Wesley Blake
Shayna Baszler,Mia Yim
Angelo Dawkins & Montez Ford,Steve Cutler & Wesley Blake
Angelo Dawkins & Montez Ford,Steve Cutler & Wesley Blake
Shayna Baszler,Mia Yim
Angelo Dawkins & Montez Ford,Steve Cutler & Wesley Blake
Shayna Baszler,Rachel Evers
Angelo Dawkins & Montez Ford,Steve Cutler & Wesley Blake
Shayna Baszler,Mia Yim
Angelo Dawkins & Montez Ford,Steve Cutler & Wesley Blake
Shayna Baszler,Jessi Kamea
Angelo Dawkins & Montez Ford,Brendan Vink & Jermaine Haley
Angelo Dawkins & Montez Ford,Steve Cutler & Wesley Blake
Shayna Baszler,Jessie Elaban
Shayna Baszler,Kacy Catanzaro
Shayna Baszler,Kacy Catanzaro
Shayna Baszler,Kacy Catanzaro
Shayna Baszler,Kacy Catanzaro
Shayna Baszler,Mia Yim
Shayna Baszler,Io Shirai
Shayna Baszler,Bianca BelAir & Io Shirai & Kairi Sane
Hanson & Rowe,Angelo Dawkins & James Drake & Montez Ford & Steve Cutler & Wesley Blake & Zack Gibson
Hanson & Rowe,Bobby Fish & Kyle O'Reilly
Hanson & Rowe,Bobby Fish & Kyle O'Reilly
Hanson & Rowe,Kassius Ohno & Luke Menzies
Shayna Baszler,Bianca BelAir & Io Shirai & Kairi Sane
Shayna Baszler,Bianca BelAir
Hanson & Rowe,Bobby Fish & Kyle O'Reilly
Shayna Baszler,Bianca BelAir
Hanson & Rowe,Jaxson Ryker & Steve Cutler
Shayna Baszler,Mia Yim
Hanson & Rowe,Bobby Fish & Kyle O'Reilly
Shayna Baszler,Bianca BelAir
Shayna Baszler,Bianca BelAir
Hanson & Rowe,Kyle O'Reilly & Roderick Strong
Hanson & Rowe,Denzel Dejournette & Eric Bugenhagen
Hanson & Rowe,Steve Cutler & Wesley Blake
Hanson & Rowe,Fabian Aichner & Marcel Barthel
Shayna Baszler,Candice LeRae
Hanson & Rowe,Steve Cutler & Wesley Blake
Hanson & Rowe,Fabian Aichner & Marcel Barthel
Shayna Baszler,Candice LeRae
Bianca BelAir,Shayna Baszler
Hanson & Rowe,Bobby Fish & Roderick Strong
Bobby Fish & Roderick Strong,Humberto Carrillo & Raul Mendoza
Bianca BelAir,Shayna Baszler
Rhea Ripley,Aliyah & Bianca BelAir & Kairi Sane
Kyle O'Reilly & Roderick Strong,Otis Dozovic & Tucker Knight
Kairi Sane,Shayna Baszler
Kyle O'Reilly & Roderick Strong,Otis Dozovic & Tucker Knight
Shayna Baszler,Candice LeRae
Rhea Ripley,Reina Gonzalez
Rhea Ripley,Candice LeRae
Rhea Ripley,Nikki Cross
Kyle O'Reilly & Roderick Strong,Angelo Dawkins & Montez Ford
Rhea Ripley,Deonna Purrazzo
Kairi Sane,Lacey Evans
Rhea Ripley,Jessie Elaban
Rhea Ripley,Nikki Cross
Hanson & Rowe,Kyle O'Reilly & Roderick Strong
Hanson & Rowe,Kyle O'Reilly & Roderick Strong
Hanson & Rowe,Kyle O'Reilly & Roderick Strong
Rhea Ripley,Kacy Catanzaro
Shayna Baszler,Kairi Sane
Kyle O'Reilly & Roderick Strong,Trent Seven & Tyler Bate
Kyle O'Reilly & Roderick Strong,Nick Miller & Shane Thorne
Kyle O'Reilly & Roderick Strong,Angelo Dawkins & Montez Ford
Angelo Dawkins & Montez Ford,Kyle O'Reilly & Roderick Strong
Kyle O'Reilly & Roderick Strong,Otis Dozovic & Tucker Knight
Shayna Baszler,Candice LeRae
Kyle O'Reilly & Roderick Strong,Otis Dozovic & Tucker Knight
Shayna Baszler,Candice LeRae
Shayna Baszler,Nikki Cross
Kyle O'Reilly & Roderick Strong,Nick Miller & Shane Thorne
Shayna Baszler,Dakota Kai
Kyle O'Reilly & Roderick Strong,Danny Burch & Oney Lorcan
Kyle O'Reilly & Roderick Strong,Danny Burch & Oney Lorcan
Shayna Baszler,Nikki Cross
Kyle O'Reilly & Roderick Strong,Danny Burch & Oney Lorcan
Shayna Baszler,Nikki Cross
Shayna Baszler,Nikki Cross
Shayna Baszler,Candice LeRae
Pete Dunne & Tyler Bate,Kyle O'Reilly & Roderick Strong
Otis Dozovic & Tucker Knight,Kyle O'Reilly & Roderick Strong
Kyle O'Reilly & Roderick Strong,Angelo Dawkins & Montez Ford
Shayna Baszler,Dakota Kai
Kyle O'Reilly & Roderick Strong,Dash Wilder & Scott Dawson
Kyle O'Reilly & Roderick Strong,Angelo Dawkins & Montez Ford
Shayna Baszler,Dakota Kai
Kyle O'Reilly & Roderick Strong,Dash Wilder & Scott Dawson
Shayna Baszler,Dakota Kai
Kyle O'Reilly & Roderick Strong,Angelo Dawkins & Montez Ford
Shayna Baszler,Steffanie Newell
Shayna Baszler,Nikki Cross
Shayna Baszler,Kairi Sane
Shayna Baszler,Candice LeRae
Shayna Baszler,Dakota Kai
Kyle O'Reilly & Roderick Strong,Trent Seven & Tyler Bate
Ember Moon,Lacey Evans
Ember Moon,Shayna Baszler
Bobby Fish & Kyle O'Reilly,Otis Dozovic & Tucker Knight
Bobby Fish & Kyle O'Reilly,Angelo Dawkins & Montez Ford
Ember Moon,Aliyah & Nikki Cross
Bobby Fish & Kyle O'Reilly,Steve Cutler & Wesley Blake
Ember Moon,Bianca BelAir
Bobby Fish & Kyle O'Reilly,Angelo Dawkins & Montez Ford
Bobby Fish & Kyle O'Reilly,Akam & Rezar
Bobby Fish & Kyle O'Reilly,Otis Dozovic & Tucker Knight
Ember Moon,Bianca BelAir
Ember Moon,Bianca BelAir
Bobby Fish & Kyle O'Reilly,Nick Miller & Shane Thorne
Bobby Fish & Kyle O'Reilly,Otis Dozovic & Tucker Knight
Ember Moon,Vanessa Borne
Bobby Fish & Kyle O'Reilly,Angelo Dawkins & Montez Ford
Ember Moon,Sage Beckett
Bobby Fish & Kyle O'Reilly,Angelo Dawkins & Montez Ford
Ember Moon,Bianca BelAir
Ember Moon,Vanessa Borne
Bobby Fish & Kyle O'Reilly,Angelo Dawkins & Montez Ford
Ember Moon,Bianca BelAir
Ember Moon,Lacey Evans
Bobby Fish & Kyle O'Reilly,Akam & Rezar
Bobby Fish & Kyle O'Reilly,Eric Young & Killian Dain
Ember Moon,Bianca BelAir
Bobby Fish & Kyle O'Reilly,Eric Young & Killian Dain
Ember Moon,Bianca BelAir
Bobby Fish & Kyle O'Reilly,Eric Young & Killian Dain
Ember Moon,Sonya Deville
Alexander Wolfe & Eric Young,Bobby Fish & Kyle O'Reilly
Alexander Wolfe & Eric Young,Bobby Fish & Kyle O'Reilly
Alexander Wolfe & Eric Young,Bobby Fish & Kyle O'Reilly
Alexander Wolfe & Eric Young,Akam & Rezar
Akam & Rezar,Alexander Wolfe & Eric Young
Alexander Wolfe & Eric Young,Riddick Moss & Tino Sabbatelli
Alexander Wolfe & Eric Young,Riddick Moss & Tino Sabbatelli
Alexander Wolfe & Eric Young,Riddick Moss & Tino Sabbatelli
Alexander Wolfe & Eric Young,Otis Dozovic & Tucker Knight
Asuka,Ember Moon & Nikki Cross
Alexander Wolfe & Eric Young,Akam & Rezar
Asuka,Ember Moon
Alexander Wolfe & Eric Young,Akam & Rezar
Akam & Rezar,Alexander Wolfe & Eric Young
Asuka,Ember Moon & Nikki Cross
Akam & Rezar,Alexander Wolfe & Eric Young
Asuka,Nikki Cross
Akam & Rezar,Otis Dozovic & Tucker Knight
Asuka,Nikki Cross
Akam & Rezar,Otis Dozovic & Tucker Knight
Asuka,Nikki Cross
Akam & Rezar,Alexander Wolfe & Killian Dain
Akam & Rezar,Otis Dozovic & Tucker Knight
Asuka,Nikki Cross
Asuka,Nikki Cross
Akam & Rezar,Riddick Moss & Tino Sabbatelli
Asuka,Ember Moon
Asuka,Ruby Riot
Akam & Rezar,Gentleman Jack Gallagher & Wolfgang
Asuka,Ember Moon
Akam & Rezar,Alexander Wolfe & Killian Dain
Asuka,Peyton Royce
Akam & Rezar,Alexander Wolfe & Killian Dain
Asuka,Sonya Deville
Asuka,Bianca Blair
Asuka,Sonya Deville
Asuka,Sonya Deville
Akam & Rezar,Johnny Gargano & Tommaso Ciampa
Asuka,Ember Moon
Akam & Rezar,Johnny Gargano & Tommaso Ciampa
Asuka,Daria Berenato
Akam & Rezar,Dash Wilder & Johnny Gargano & Scott Dawson & Tommaso Ciampa
Akam & Rezar,Angelo Dawkins & Montez Ford
Akam & Rezar,Otis Dozovic & Tucker Knight
Asuka,Liv Morgan
Asuka,Nikki Cross
Akam & Rezar,Angelo Dawkins & Montez Ford
Akam & Rezar,Angelo Dawkins & Montez Ford
Asuka,Nikki Cross
Akam & Rezar,Otis Dozovic & Tucker Knight
Asuka,Ember Moon & Nikki Cross
Akam & Rezar,Johnny Gargano & Tommaso Ciampa
Asuka,Mandy Rose
Asuka,Ember Moon & Nikki Cross
Asuka,Peyton Royce
Akam & Rezar,Johnny Gargano & Tommaso Ciampa
Asuka,Peyton Royce
Johnny Gargano & Tommaso Ciampa,Dash Wilder & Scott Dawson
Asuka,Billie Kay & Nikki Cross & Peyton Royce
Johnny Gargano & Tommaso Ciampa,Akam & Rezar
Asuka,Nikki Cross & Peyton Royce
Johnny Gargano & Tommaso Ciampa,Akam & Rezar
Asuka,Billie Kay & Nikki Cross
Johnny Gargano & Tommaso Ciampa,Dash Wilder & Scott Dawson
Johnny Gargano & Tommaso Ciampa,Dash Wilder & Scott Dawson
Asuka,Ember Moon
Asuka,Ember Moon
Johnny Gargano & Tommaso Ciampa,Dash Wilder & Scott Dawson
Johnny Gargano & Tommaso Ciampa,Riddick Moss & Tino Sabbatelli
Asuka,Ember Moon
Johnny Gargano & Tommaso Ciampa,Dash Wilder & Scott Dawson
Asuka,Peyton Royce
Asuka,Peyton Royce
Johnny Gargano & Tommaso Ciampa,Riddick Moss & Tino Sabbatelli
Johnny Gargano & Tommaso Ciampa,Riddick Moss & Tino Sabbatelli
Asuka,Peyton Royce
Asuka,Nia Jax
Johnny Gargano & Tommaso Ciampa,Akira Tozawa & Tajiri
Johnny Gargano & Tommaso Ciampa,Dash Wilder & Scott Dawson
Asuka,Ember Moon & Peyton Royce
Asuka,Ember Moon & Nikki Cross
Asuka,Mandy Rose
Asuka,Mandy Rose
Asuka,Peyton Royce
Asuka,Daria Berenato
Asuka,Ember Moon
Asuka,Daria Berenato
Asuka,Peyton Royce
Asuka,Aliyah
Asuka,Peyton Royce
Asuka,Daria Berenato
Dash Wilder & Scott Dawson,Nick Miller & Shane Thorne
Asuka,Ember Moon
Dash Wilder & Scott Dawson,Niko Bogojevic & Tucker Knight
Asuka,Ember Moon
Johnny Gargano & Tommaso Ciampa,Dash Wilder & Scott Dawson
Asuka,Ember Moon
Johnny Gargano & Tommaso Ciampa,Dash Wilder & Scott Dawson
Asuka,Billie Kay
Asuka,Nia Jax
Johnny Gargano & Tommaso Ciampa,Dash Wilder & Scott Dawson
Asuka,Nia Jax
Asuka,Ember Moon
Asuka,Billie Kay
Dash Wilder & Scott Dawson,Chad Gable & Jason Jordan
Asuka,Billie Kay
Asuka,Alexa Bliss
Chad Gable & Jason Jordan,Dash Wilder & Scott Dawson
Asuka,Billie Kay
Chad Gable & Jason Jordan,Dash Wilder & Scott Dawson
Asuka,Nia Jax
Dash Wilder & Scott Dawson,Chad Gable & Jason Jordan
Asuka,Peyton Royce
Asuka,Alexa Bliss & Nia Jax
Asuka,Peyton Royce
Dash Wilder & Scott Dawson,Chad Gable & Jason Jordan
Asuka,Alexa Bliss & Nia Jax
Asuka,Carmella
Asuka,Peyton Royce
Chad Gable & Jason Jordan,Dash Wilder & Scott Dawson
Asuka,Alexa Bliss & Nia Jax
Chad Gable & Jason Jordan,Dash Wilder & Scott Dawson
Chad Gable & Jason Jordan,Dash Wilder & Scott Dawson
Chad Gable & Jason Jordan,Gzim Selmani & Sunny Dhinsa
Asuka,Alexa Bliss
Chad Gable & Jason Jordan,Gzim Selmani & Sunny Dhinsa
Chad Gable & Jason Jordan,Alexander Wolfe & Sawyer Fulton
Chad Gable & Jason Jordan,Dash Wilder & Scott Dawson
Asuka,Alexa Bliss
Asuka,Alexa Bliss
Chad Gable & Jason Jordan,Tino Sabbatelli & Tucker Knight
Chad Gable & Jason Jordan,Dash Wilder & Scott Dawson
Asuka,Nia Jax
Asuka,Alexa Bliss
Chad Gable & Jason Jordan,Alexander Wolfe & Sawyer Fulton
Chad Gable & Jason Jordan,Alexander Wolfe & Sawyer Fulton
Asuka,Eva Marie
Chad Gable & Jason Jordan,Alexander Wolfe & Sawyer Fulton
Asuka,Alexa Bliss & Bayley
Chad Gable & Jason Jordan,Dash Wilder & Scott Dawson
Chad Gable & Jason Jordan,Dash Wilder & Scott Dawson
Asuka,Alexa Bliss
Chad Gable & Jason Jordan,Dash Wilder & Scott Dawson
Asuka,Peyton Royce
Chad Gable & Jason Jordan,Dash Wilder & Scott Dawson
Asuka,Alexa Bliss
Asuka,Aliyah
Chad Gable & Jason Jordan,Riddick Moss & Tino Sabbatelli
Asuka,Peyton Royce
Chad Gable & Jason Jordan,Alexander Wolfe & Sawyer Fulton
Asuka,Adrienne Reese
Chad Gable & Jason Jordan,Dash Wilder & Scott Dawson
Asuka,Peyton Royce
Chad Gable & Jason Jordan,Dash Wilder & Scott Dawson
Asuka,Eva Marie
Chad Gable & Jason Jordan,Dash Wilder & Scott Dawson
Asuka,Peyton Royce
Chad Gable & Jason Jordan,Dash Wilder & Scott Dawson
Bayley,Mandy Rose
Dash Wilder & Scott Dawson,Kenneth Crawford & Patrick Clark
Bayley,Aliyah
Bayley,Emma
Chad Gable & Jason Jordan,Dash Wilder & Scott Dawson
Dash Wilder & Scott Dawson,Chad Gable & Jason Jordan
Bayley,Nia Jax
Bayley,Asuka & Billie Kay & Peyton Royce
Bayley,Asuka & Billie Kay & Peyton Royce
Bayley,Nia Jax
Bayley,Emma
Dash Wilder & Scott Dawson,King Constantine & Thomas Kingdon
Chad Gable & Jason Jordan,Dash Wilder & Scott Dawson
Bayley,Alexa Bliss
Dash Wilder & Scott Dawson,Johnny Gargano & Tommaso Ciampa
Dash Wilder & Scott Dawson,Chad Gable & Jason Jordan
Bayley,Emma
Dash Wilder & Scott Dawson,Rich Swann & Tucker Knight
Bayley,Alexa Bliss & Asuka & Emma
Bayley,Nia Jax
Dash Wilder & Scott Dawson,Chad Gable & Jason Jordan
Bayley,Alexa Bliss
Bayley,Eva Marie
Dash Wilder & Scott Dawson,Chad Gable & Jason Jordan
Bayley,Alexa Bliss
Bayley,Liv Morgan
Dash Wilder & Scott Dawson,Mojo Rawley & Zack Ryder
Bayley,Alexa Bliss
Dash Wilder & Scott Dawson,Chad Gable & Jason Jordan
Bayley,Emma
Dash Wilder & Scott Dawson,Johnny Gargano & Tommaso Ciampa
Bayley,Nia Jax
Bayley,Nia Jax
Chad Gable & Jason Jordan,Dash Wilder & Scott Dawson
Dash Wilder & Scott Dawson,Big Cass & Enzo Amore
Bayley,Alexa Bliss
Bayley,Carmella
Dash Wilder & Scott Dawson,Colin Cassady & Enzo Amore
Bayley,Nia Jax
Colin Cassady & Enzo Amore,Dash Wilder & Scott Dawson
Bayley,Alexa Bliss
Dash Wilder & Scott Dawson,Colin Cassady & Enzo Amore
Bayley,Alexa Bliss
Dash Wilder & Scott Dawson,Big Cass & Enzo Amore
Bayley,Nia Jax
Bayley,Peyton Royce
Dash Wilder & Scott Dawson,Chad Gable & Jason Jordan
Bayley,Emma
Dash Wilder & Scott Dawson,Chad Gable & Jason Jordan
Dash Wilder & Scott Dawson,Big Cass & Enzo Amore
Bayley,Emma
Bayley,Emma
Dash Wilder & Scott Dawson,Chad Gable & Jason Jordan
Dash Wilder & Scott Dawson,Chad Gable & Jason Jordan
Bayley,Emma
Dash Wilder & Scott Dawson,Chad Gable & Jason Jordan
Bayley,Emma
Aiden English & Simon Gotch,Dash Wilder & Scott Dawson
Bayley,Billie Kay
Dash Wilder & Scott Dawson,Chad Gable & Jason Jordan
Dash Wilder & Scott Dawson,Hugo Knox & Tucker Knight
Bayley,Nia Jax
Dash Wilder & Scott Dawson,Aiden English & Simon Gotch
Bayley,Eva Marie
Chad Gable & Jason Jordan,Dash Wilder & Scott Dawson
Aiden English & Simon Gotch,Dash Wilder & Scott Dawson
Dash Wilder & Scott Dawson,Aiden English & Blake & Chad Gable & Jason Jordan & Murphy & Simon Gotch
Chad Gable & Jason Jordan,Dash Wilder & Scott Dawson
Dash Wilder & Scott Dawson,Colin Cassady & Enzo Amore
Bayley,Emma
Bayley,Alexa Bliss
Dash Wilder & Scott Dawson,Aiden English & Simon Gotch
Bayley,Alexa Bliss
Aiden English & Simon Gotch,Blake & Chad Gable & Jason Jordan & Mojo Rawley & Murphy & Zack Ryder
Bayley,Eva Marie
Bayley,Cameron
Aiden English & Simon Gotch,Dash Wilder & Scott Dawson
Aiden English & Simon Gotch,Chad Gable & Jason Jordan
Bayley,Emma
Bayley,Alexa Bliss
Aiden English & Simon Gotch,Dash Wilder & Scott Dawson
Bayley,Alexa Bliss & Emma
Aiden English & Simon Gotch,Dash Wilder & Scott Dawson
Bayley,Gionna Daddio
Aiden English & Simon Gotch,Chad Gable & Jason Jordan
Bayley,Dana Brooke & Emma
Bayley,Dana Brooke
Aiden English & Simon Gotch,Blake & Murphy
Bayley,Nia Jax
Aiden English & Simon Gotch,Chad Gable & Jason Jordan
Bayley,Emma
Bayley,Carmella
Bayley,Nia Jax
Bayley,Emma
Aiden English & Simon Gotch,Blake & Murphy
Aiden English & Simon Gotch,Blake & Chad Gable & Dash Wilder & Jason Jordan & Murphy & Scott Dawson
Aiden English & Simon Gotch,Blake & Murphy
Blake & Murphy,Aiden English & Simon Gotch
Blake & Murphy,Aiden English & Big Cass & Enzo Amore & Simon Gotch
Blake & Murphy,Mojo Rawley & Zack Ryder
Sasha Banks,Charlotte
Blake & Murphy,Mojo Rawley & Zack Ryder
Sasha Banks,Charlotte
Sasha Banks,Becky Lynch
Sasha Banks,Becky Lynch
Blake & Murphy,Colin Cassady & Enzo Amore
Sasha Banks,Charlotte
Sasha Banks,Bayley & Becky Lynch & Charlotte
Blake & Murphy,Jason Jordan & Solomon Crowe
Sasha Banks,Charlotte
Blake & Murphy,Aiden English & Simon Gotch
Sasha Banks,Charlotte
Buddy Murphy & Wesley Blake,Aiden English & Simon Gotch
Sasha Banks,Bayley
Sasha Banks,Charlotte
Blake & Murphy,Dash Wilder & Scott Dawson
Sasha Banks,Becky Lynch & Charlotte
Blake & Murphy,Aiden English & Colin Cassady & Enzo Amore & Simon Gotch
Sasha Banks,Charlotte
Blake & Murphy,Sawyer Fulton & Tucker Knight
Sasha Banks,Charlotte
Sasha Banks,Alexa Bliss & Bayley & Charlotte
Blake & Murphy,Aiden English & Simon Gotch
Blake & Murphy,Aiden English & Simon Gotch
Sasha Banks,Alexa Bliss
Sasha Banks,Charlotte
Buddy Murphy & Wesley Blake,Aiden English & Simon Gotch
Blake & Murphy,Aiden English & Simon Gotch
Buddy Murphy & Wesley Blake,Aiden English & Simon Gotch
Charlotte,Sasha Banks
Kalisto & Sin Cara,Aiden English & Simon Gotch
Kalisto & Sin Cara,Aiden English & Simon Gotch
Kalisto & Sin Cara,Aiden English & Simon Gotch
Kalisto & Sin Cara,Aiden English & Simon Gotch
Kalisto & Sin Cara,Konnor & Viktor
Kalisto & Sin Cara,Konnor & Viktor
Charlotte,Becky Lynch
Charlotte,Becky Lynch
Charlotte,Bayley
Kalisto & Sin Cara,Konnor & Viktor
Konnor & Viktor,Aiden English & Simon Gotch
Charlotte,Bayley
Charlotte,Bayley
Charlotte,Summer Rae
Konnor & Viktor,Camacho & Wesley Blake
Konnor & Viktor,Sami Zayn & Tyson Kidd
Konnor & Viktor,Jason Jordan & Tye Dillinger
Konnor & Viktor,Baron Corbin & Jason Jordan & Oliver Grey & Sawyer Fulton
Konnor & Viktor,Marcus Louis & Sylvester Lefort
Konnor O'Brian & Rick Viktor,Jason Jordan & Tye Dillinger
Konnor O'Brian & Rick Viktor,Jason Jordan & Mason Ryan
Conor O'Brian & Rick Victor,Camacho & Hunico
Paige,Natalya
Conor O'Brian & Rick Victor,Adrian Neville & Alexander Rusev & Colin Cassady & Corey Graves & Enzo Amore & Scott Dawson
Conor O'Brian & Rick Victor,Colin Cassady & Enzo Amore
Paige,Emma
Conor O'Brian & Rick Victor,Adrian Neville & Corey Graves
Adrian Neville & Corey Graves,Conor O'Brian & Rick Victor
Adrian Neville & Corey Graves,Leo Kruger & Rick Victor
Adrian Neville & Corey Graves,Conor O'Brian & Rick Victor
Adrian Neville & Corey Graves,Leo Kruger & Sami Zayn
Adrian Neville & Corey Graves,Kassius Ohno & Sami Zayn
Adrian Neville & Corey Graves,Leo Kruger & Sami Zayn
Paige,Summer Rae
Paige,Bayley
Erick Rowan & Luke Harper,Corey Graves & Kassius Ohno
Erick Rowan & Luke Harper,Adrian Neville & Bo Dallas
Lyra Valkyria,Xia Li
Andre Chase & Duke Hudson,"Channing ""Stacks"" Lorenzo & Tony D'Angelo"
Lyra Valkyria,Lola Vice
"Channing ""Stacks"" Lorenzo & Tony D'Angelo",Mark Coffey & Wolfgang
"Channing ""Stacks"" Lorenzo & Tony D'Angelo",Charlie Dempsey & Myles Borne
Lyra Valkyria,Lash Legend
"Channing ""Stacks"" Lorenzo & Tony D'Angelo",Baron Corbin & Bron Breakker & Hank Walker & Tank Ledger
Lyra Valkyria,Cora Jade
"Channing ""Stacks"" Lorenzo & Tony D'Angelo",Bronco Nima & Lucien Price
